taxon,cruise_id,year,sight_num,date_gmt,month_gmt,day_gmt,time_gmt,yrday_gmt,lat,lon,observer,species,bearing,distance_nm,count,reticle,method_sighting,on_ice_YN,cue,group_max,group_min,ice_cover
cetacean,LMG0103,2001,1,3/23/01,03,23,13:48:02,81.57502,-63.2027,-61.6812,MM ,nd,0,1.5,nd,0,1,nd,1,nd,nd,0
cetacean,LMG0103,2001,2,3/23/01,03,23,13:48:02,81.57502,-63.2027,-61.6812,MM ,unidentified_large_whale,0,1.5,2,0,1,nd,1,2,2,0
cetacean,LMG0103,2001,3,3/23/01,03,23,13:48:02,81.57502,-63.2027,-61.6812,MM ,unidentified_large_whale,0,1.5,2,0,1,nd,1,2,2,0
cetacean,LMG0103,2001,4,3/23/01,03,23,14:35:16,81.60783,-63.3243,-61.597,DT ,nd,80,2.3,nd,0,1,nd,1,nd,nd,0
cetacean,LMG0103,2001,5,3/23/01,03,23,14:35:16,81.60783,-63.3243,-61.597,DT ,nd,80,2.3,0,0,1,nd,1,0,0,0
cetacean,LMG0103,2001,6,3/23/01,03,23,14:44:38,81.61433,-63.3488,-61.5827,SM ,nd,150,2,nd,0,1,nd,1,nd,nd,0
cetacean,LMG0103,2001,7,3/23/01,03,23,14:44:38,81.61433,-63.3488,-61.5827,SM ,unidentified_large_whale,150,2,1,0,1,nd,1,1,1,0
cetacean,LMG0103,2001,8,3/23/01,03,23,14:56:14,81.62238,-63.355,-61.5788,DT ,nd,325,1.5,nd,0,1,nd,1,nd,nd,0
cetacean,LMG0103,2001,9,3/23/01,03,23,14:56:14,81.62238,-63.355,-61.5788,DT ,unidentified_whale,325,1.5,1,0,1,nd,1,1,1,0
cetacean,LMG0103,2001,10,3/23/01,03,23,14:56:14,81.62238,-63.355,-61.5788,DT ,nd,325,1.5,nd,0,1,nd,1,nd,nd,0
cetacean,LMG0103,2001,11,3/23/01,03,23,14:56:14,81.62238,-63.355,-61.5788,DT ,humpback_whale,325,1.5,1,0,1,nd,1,1,1,0
cetacean,LMG0103,2001,12,3/23/01,03,23,15:12:28,81.63366,-63.355,-61.5788,SM ,nd,90,0,nd,0,1,nd,3,nd,nd,0
cetacean,LMG0103,2001,13,3/23/01,03,23,15:12:28,81.63366,-63.355,-61.5788,SM ,humpback_whale,90,0,2,0,1,nd,3,2,2,0
cetacean,LMG0103,2001,14,3/23/01,03,23,15:14:29,81.63506,-63.355,-61.5788,SM ,nd,360,0.3,nd,0,1,nd,3,nd,nd,0
cetacean,LMG0103,2001,15,3/23/01,03,23,15:14:29,81.63506,-63.355,-61.5788,SM ,humpback_whale,360,0.3,1,0,1,nd,3,1,1,0
cetacean,LMG0103,2001,16,3/23/01,03,23,15:30:20,81.64606,-63.4655,-61.502,SM ,nd,30,0,nd,1,nd,nd,1,nd,nd,0
cetacean,LMG0103,2001,17,3/23/01,03,23,15:30:20,81.64606,-63.4655,-61.502,SM ,humpback_whale,30,0,2,1,nd,nd,1,2,2,0
cetacean,LMG0103,2001,18,3/23/01,03,23,17:01:36,81.70944,-63.7148,-61.346,MM ,nd,18,0.7,nd,0,nd,nd,3,nd,nd,0
cetacean,LMG0103,2001,19,3/23/01,03,23,17:01:36,81.70944,-63.7148,-61.346,MM ,humpback_whale,18,0.7,2,0,nd,nd,3,2,2,0
cetacean,LMG0103,2001,20,3/23/01,03,23,17:05:13,81.71196,-63.725,-61.3388,MM ,nd,20,0.7,nd,0,nd,nd,3,nd,nd,0
cetacean,LMG0103,2001,21,3/23/01,03,23,17:05:13,81.71196,-63.725,-61.3388,MM ,killer_whale,20,0.7,1,0,nd,nd,3,0,0,0
cetacean,LMG0103,2001,22,3/23/01,03,23,17:06:28,81.71283,-63.7285,-61.3362,AS ,nd,330,0.5,nd,0,nd,nd,0,nd,nd,0
cetacean,LMG0103,2001,23,3/23/01,03,23,17:06:28,81.71283,-63.7285,-61.3362,AS ,humpback_whale,330,0.5,3,0,nd,nd,0,0,0,0
cetacean,LMG0103,2001,24,3/23/01,03,23,17:01:36,81.70944,-63.7148,-61.346,MM ,nd,18,0.7,nd,0,1,nd,3,nd,nd,0
cetacean,LMG0103,2001,25,3/23/01,03,23,17:01:36,81.70944,-63.7148,-61.346,MM ,humpback_whale,18,0.7,3,0,1,nd,3,3,3,0
cetacean,LMG0103,2001,26,3/23/01,03,23,17:05:13,81.71196,-63.725,-61.3388,MM ,nd,20,0.4,nd,0,1,nd,3,nd,nd,0
cetacean,LMG0103,2001,27,3/23/01,03,23,17:05:13,81.71196,-63.725,-61.3388,MM ,killer_whale,20,0.4,3,0,1,nd,3,3,3,0
cetacean,LMG0103,2001,28,3/23/01,03,23,17:06:28,81.71283,-63.7285,-61.3362,DT ,nd,330,0.5,nd,0,1,nd,1,nd,nd,0
cetacean,LMG0103,2001,29,3/23/01,03,23,17:06:28,81.71283,-63.7285,-61.3362,DT ,humpback_whale,330,0.5,3,0,1,nd,1,3,3,0
cetacean,LMG0103,2001,30,3/23/01,03,23,17:35:09,81.73274,-63.7992,-61.4147,SM ,nd,315,5,nd,0,1,nd,1,nd,nd,0
cetacean,LMG0103,2001,31,3/23/01,03,23,17:35:09,81.73274,-63.7992,-61.4147,SM ,humpback_whale,315,5,1,0,1,nd,1,1,1,0
cetacean,LMG0103,2001,32,3/23/01,03,23,17:58:31,81.74897,-63.851,-61.5052,SM ,nd,330,4,nd,0,1,nd,3,nd,nd,0
cetacean,LMG0103,2001,33,3/23/01,03,23,17:58:31,81.74897,-63.851,-61.5052,SM ,humpback_whale,330,4,2,0,1,nd,3,3,2,0
cetacean,LMG0103,2001,34,3/23/01,03,23,18:33:51,81.77351,-63.9273,-61.6327,SM ,nd,350,3,nd,0,2,nd,1,nd,nd,0
cetacean,LMG0103,2001,35,3/23/01,03,23,18:33:51,81.77351,-63.9273,-61.6327,SM ,humpback_whale,350,3,2,0,2,nd,1,3,2,0
cetacean,LMG0103,2001,36,3/23/01,03,23,18:51:28,81.78574,-63.9647,-61.6937,DT ,nd,20,0.5,nd,1,nd,nd,3,nd,nd,0
cetacean,LMG0103,2001,37,3/23/01,03,23,18:51:28,81.78574,-63.9647,-61.6937,DT ,humpback_whale,20,0.5,2,1,nd,nd,3,3,2,0
cetacean,LMG0103,2001,38,3/23/01,03,23,19:44:01,81.82224,-64.0933,-61.8078,DT ,nd,15,4,nd,0,1,nd,3,nd,nd,1
cetacean,LMG0103,2001,39,3/23/01,03,23,19:44:01,81.82224,-64.0933,-61.8078,DT ,killer_whale,15,4,6,0,1,nd,3,6,6,1
cetacean,LMG0103,2001,40,3/23/01,03,23,19:57:40,81.83172,-64.1288,-61.829,DT ,nd,40,3.5,nd,0,1,nd,3,nd,nd,1
cetacean,LMG0103,2001,41,3/23/01,03,23,19:57:40,81.83172,-64.1288,-61.829,DT ,humpback_whale,40,3.5,2,0,1,nd,3,2,2,1
cetacean,LMG0103,2001,42,3/23/01,03,23,20:03:28,81.83574,-64.144,-61.838,DT ,nd,35,1,nd,0,1,nd,3,nd,nd,1
cetacean,LMG0103,2001,43,3/23/01,03,23,20:03:28,81.83574,-64.144,-61.838,DT ,humpback_whale,35,1,2,0,1,nd,3,3,2,1
cetacean,LMG0103,2001,44,3/23/01,03,23,20:14:35,81.84346,-64.174,-61.856,MM ,nd,30,1,nd,0,1,nd,3,nd,nd,1
cetacean,LMG0103,2001,45,3/23/01,03,23,20:14:35,81.84346,-64.174,-61.856,MM ,ziphiidae,30,1,4,0,1,nd,3,5,3,1
cetacean,LMG0103,2001,46,3/23/01,03,23,20:24:10,81.85012,-64.1997,-61.8727,SM ,nd,270,2,nd,0,1,nd,3,nd,nd,1
cetacean,LMG0103,2001,47,3/23/01,03,23,20:24:10,81.85012,-64.1997,-61.8727,SM ,humpback_whale,270,2,1,0,1,nd,3,2,1,1
cetacean,LMG0103,2001,48,3/23/01,03,23,20:29:16,81.85366,-64.2135,-61.8822,MM ,nd,47,1.2,nd,0,1,nd,3,nd,nd,1
cetacean,LMG0103,2001,49,3/23/01,03,23,20:29:16,81.85366,-64.2135,-61.8822,MM ,humpback_whale,47,1.2,2,0,1,nd,3,2,2,1
cetacean,LMG0103,2001,50,3/23/01,03,23,20:37:09,81.85913,-64.235,-61.8962,DT ,nd,355,0.5,nd,0,1,nd,3,nd,nd,1
cetacean,LMG0103,2001,51,3/23/01,03,23,20:37:09,81.85913,-64.235,-61.8962,DT ,humpback_whale,355,0.5,1,0,1,nd,3,1,1,1
cetacean,LMG0103,2001,52,3/23/01,03,23,20:39:17,81.86061,-64.241,-61.8998,SM ,nd,340,1,nd,0,1,nd,3,nd,nd,1
cetacean,LMG0103,2001,53,3/23/01,03,23,20:39:17,81.86061,-64.241,-61.8998,SM ,humpback_whale,340,1,1,0,1,nd,3,2,1,1
cetacean,LMG0103,2001,54,3/23/01,03,23,20:44:25,81.86418,-64.2553,-61.9073,SM ,nd,320,1,nd,0,1,nd,3,nd,nd,1
cetacean,LMG0103,2001,55,3/23/01,03,23,20:44:25,81.86418,-64.2553,-61.9073,SM ,humpback_whale,320,1,2,0,1,nd,3,3,2,1
cetacean,LMG0103,2001,56,3/23/01,03,23,20:49:00,81.86736,-64.2683,-61.9143,SM ,nd,270,1.5,nd,0,1,nd,3,nd,nd,1
cetacean,LMG0103,2001,57,3/23/01,03,23,20:49:00,81.86736,-64.2683,-61.9143,SM ,humpback_whale,270,1.5,6,0,1,nd,3,8,5,1
cetacean,LMG0103,2001,58,3/23/01,03,23,20:53:24,81.87042,-64.2807,-61.9223,DT ,nd,0,9,nd,0,3,nd,1,nd,nd,1
cetacean,LMG0103,2001,59,3/23/01,03,23,20:53:24,81.87042,-64.2807,-61.9223,DT ,unidentified_whale,0,9,1,0,3,nd,1,1,1,1
cetacean,LMG0103,2001,60,3/23/01,03,23,20:58:16,81.8738,-64.2942,-61.9312,SM ,nd,315,0.3,nd,0,1,nd,3,nd,nd,1
cetacean,LMG0103,2001,61,3/23/01,03,23,20:58:16,81.8738,-64.2942,-61.9312,SM ,humpback_whale,315,0.3,1,0,1,nd,3,1,1,1
cetacean,LMG0103,2001,62,3/23/01,03,23,21:04:48,81.87833,-64.3122,-61.9427,SM ,nd,325,0.7,nd,0,1,nd,1,nd,nd,1
cetacean,LMG0103,2001,63,3/23/01,03,23,21:04:48,81.87833,-64.3122,-61.9427,SM ,humpback_whale,325,0.7,1,0,1,nd,1,1,1,1
cetacean,LMG0103,2001,64,3/23/01,03,23,21:10:15,81.88212,-64.3273,-61.9515,DT ,nd,30,1.5,nd,0,1,nd,1,nd,nd,1
cetacean,LMG0103,2001,65,3/23/01,03,23,21:10:15,81.88212,-64.3273,-61.9515,DT ,humpback_whale,30,1.5,2,0,1,nd,1,2,2,1
cetacean,LMG0103,2001,66,3/23/01,03,23,21:21:30,81.88993,-64.3545,-61.9665,DT ,nd,90,3,nd,0,3,nd,1,nd,nd,1
cetacean,LMG0103,2001,67,3/23/01,03,23,21:21:30,81.88993,-64.3545,-61.9665,DT ,humpback_whale,90,3,2,0,3,nd,1,2,2,1
cetacean,LMG0103,2001,68,3/23/01,03,23,21:24:43,81.89217,-64.3597,-61.9693,DT ,nd,40,0.6,nd,0,1,nd,1,nd,nd,1
cetacean,LMG0103,2001,69,3/23/01,03,23,21:24:43,81.89217,-64.3597,-61.9693,DT ,humpback_whale,40,0.6,1,0,1,nd,1,1,1,1
cetacean,LMG0103,2001,70,3/23/01,03,23,21:29:05,81.89519,-64.3667,-61.973,DT ,nd,65,0.8,nd,0,nd,nd,0,nd,nd,1
cetacean,LMG0103,2001,71,3/23/01,03,23,21:29:05,81.89519,-64.3667,-61.973,DT ,humpback_whale,65,0.8,2,0,nd,nd,0,2,2,1
cetacean,LMG0103,2001,72,3/23/01,03,23,21:33:01,81.89793,-64.373,-61.9758,SM ,nd,350,5,nd,0,2,nd,1,nd,nd,1
cetacean,LMG0103,2001,73,3/23/01,03,23,21:33:01,81.89793,-64.373,-61.9758,SM ,humpback_whale,350,5,2,0,2,nd,1,3,2,1
cetacean,LMG0103,2001,74,3/23/01,03,23,21:33:58,81.89859,-64.3745,-61.9765,SM ,nd,320,2,nd,0,2,nd,1,nd,nd,1
cetacean,LMG0103,2001,75,3/23/01,03,23,21:33:58,81.89859,-64.3745,-61.9765,SM ,humpback_whale,320,2,1,0,2,nd,1,2,1,1
cetacean,LMG0103,2001,76,3/23/01,03,23,21:46:04,81.90699,-64.3943,-61.9862,SM ,nd,20,3,nd,0,1,nd,1,nd,nd,1
cetacean,LMG0103,2001,77,3/23/01,03,23,21:46:04,81.90699,-64.3943,-61.9862,SM ,humpback_whale,20,3,5,0,1,nd,1,7,4,1
cetacean,LMG0103,2001,78,3/23/01,03,23,21:47:13,81.90779,-64.3962,-61.9872,DT ,nd,90,1.8,nd,0,1,nd,2,nd,nd,1
cetacean,LMG0103,2001,79,3/23/01,03,23,21:47:13,81.90779,-64.3962,-61.9872,DT ,humpback_whale,90,1.8,2,0,1,nd,2,3,2,1
cetacean,LMG0103,2001,80,3/25/01,03,25,14:40:50,83.61169,-64.8378,-64.1055,DT ,nd,60,0.05,nd,0,1,nd,3,nd,nd,0
cetacean,LMG0103,2001,81,3/25/01,03,25,14:40:50,83.61169,-64.8378,-64.1055,DT ,undetermined_minke_whale,60,0.05,1,0,1,nd,3,1,1,0
cetacean,LMG0103,2001,82,3/25/01,03,25,16:50:56,83.70203,-65.0242,-64.8682,DT ,nd,35,1,nd,0,1,nd,3,nd,nd,0
cetacean,LMG0103,2001,83,3/25/01,03,25,16:50:56,83.70203,-65.0242,-64.8682,DT ,like_humpback_whale,35,1,1,0,1,nd,3,2,1,0
cetacean,LMG0103,2001,84,3/25/01,03,25,16:22:05,83.682,-67.0498,-69.0403,DT ,nd,270,3.5,nd,0,1,nd,1,nd,nd,1
cetacean,LMG0103,2001,85,3/25/01,03,25,16:22:05,83.682,-67.0498,-69.0403,DT ,unidentified_whale,270,3.5,1,0,1,nd,1,1,1,1
cetacean,LMG0103,2001,86,3/25/01,03,25,13:10:52,83.54922,-68.2605,-70.9877,DT ,nd,20,1.5,nd,0,1,nd,1,nd,nd,1
cetacean,LMG0103,2001,87,3/25/01,03,25,13:10:52,83.54922,-68.2605,-70.9877,DT ,unidentified_whale/dolphin,20,1.5,3,0,1,nd,1,4,2,1
cetacean,LMG0103,2001,88,3/25/01,03,25,13:10:52,83.54922,-68.2605,-70.9877,DT ,killer_whale,20,1.5,3,0,1,nd,1,4,2,1
cetacean,LMG0103,2001,89,3/25/01,03,25,16:31:43,83.68869,-68.1007,-70.525,DT ,nd,45,3,nd,0,1,nd,1,nd,nd,1
cetacean,LMG0103,2001,90,3/25/01,03,25,16:31:43,83.68869,-68.1007,-70.525,DT ,unidentified_whale,45,3,8,0,1,nd,1,9,6,1
cetacean,LMG0103,2001,91,3/25/01,03,25,16:31:43,83.68869,-68.1007,-70.525,DT ,like_fin_whale,45,3,8,0,1,nd,1,9,6,1
cetacean,LMG0103,2001,92,3/25/01,03,25,16:31:43,83.68869,-68.1007,-70.525,DT ,nd,45,3.5,nd,0,1,nd,1,nd,nd,1
cetacean,LMG0103,2001,93,3/25/01,03,25,16:31:43,83.68869,-68.1007,-70.525,DT ,nd,45,3.5,nd,0,1,nd,1,nd,nd,1
cetacean,LMG0103,2001,94,3/25/01,03,25,17:56:46,83.74776,-68.1057,-70.5433,DT ,nd,30,4,nd,0,2,nd,1,nd,nd,1
cetacean,LMG0103,2001,95,3/25/01,03,25,17:56:46,83.74776,-68.1057,-70.5433,DT ,unidentified_whale,30,4,1,0,2,nd,1,1,1,1
cetacean,LMG0103,2001,96,3/25/01,03,25,20:35:37,83.85807,-68.1008,-70.528,SM ,nd,315,1.5,nd,0,1,nd,1,nd,nd,1
cetacean,LMG0103,2001,97,3/25/01,03,25,20:35:37,83.85807,-68.1008,-70.528,SM ,unidentified_whale,315,1.5,1,0,1,nd,1,1,1,1
cetacean,LMG0103,2001,98,4/1/01,04,01,17:20:30,90.72257,-65.502,-70.2967,SM ,nd,352,0.02,nd,0,1,nd,3,nd,nd,0
cetacean,LMG0103,2001,99,4/1/01,04,01,17:20:30,90.72257,-65.502,-70.2967,SM ,cruciger_dolphin,352,0.02,4,0,1,nd,3,5,3,0
cetacean,LMG0103,2001,100,4/1/01,04,01,17:52:02,90.74447,-65.4247,-70.1683,DT ,nd,275,1,nd,0,1,nd,1,nd,nd,0
cetacean,LMG0103,2001,101,4/1/01,04,01,17:52:02,90.74447,-65.4247,-70.1683,DT ,unidentified_whale/dolphin,275,1,1,0,1,nd,1,1,1,0
cetacean,LMG0103,2001,102,4/2/01,04,02,19:09:34,91.79831,-65.2652,-65.3072,SM ,nd,30,2,nd,0,1,nd,1,nd,nd,1
cetacean,LMG0103,2001,103,4/2/01,04,02,19:09:34,91.79831,-65.2652,-65.3072,SM ,unidentified_whale,30,2,1,0,1,nd,1,1,1,1
cetacean,LMG0103,2001,104,4/2/01,04,02,20:28:47,91.85332,-65.3873,-64.875,DT ,nd,85,2.5,nd,0,1,nd,1,nd,nd,2
cetacean,LMG0103,2001,105,4/2/01,04,02,20:28:47,91.85332,-65.3873,-64.875,DT ,humpback_whale,85,2.5,4,0,1,nd,1,5,4,2
cetacean,LMG0103,2001,106,4/2/01,04,02,20:49:04,91.86741,-65.418,-64.757,SM ,nd,0,3,nd,0,2,nd,1,nd,nd,2
cetacean,LMG0103,2001,107,4/2/01,04,02,20:49:04,91.86741,-65.418,-64.757,SM ,like_minke,0,3,3,0,2,nd,1,4,3,2
cetacean,LMG0103,2001,108,4/3/01,04,03,12:29:57,92.5208,-65.8082,-65.1352,DT ,nd,190,1,nd,0,1,nd,3,nd,nd,2
cetacean,LMG0103,2001,109,4/3/01,04,03,12:29:57,92.5208,-65.8082,-65.1352,DT ,undetermined_minke_whale,190,1,6,0,1,nd,3,8,6,2
cetacean,LMG0103,2001,110,4/3/01,04,03,12:38:52,92.52699,-65.8023,-65.1253,MM ,nd,295,0.2,nd,0,1,nd,3,nd,nd,2
cetacean,LMG0103,2001,111,4/3/01,04,03,12:38:52,92.52699,-65.8023,-65.1253,MM ,undetermined_minke_whale,295,0.2,1,0,1,nd,3,1,1,2
cetacean,LMG0103,2001,112,4/3/01,04,03,17:09:04,92.71463,-66.0358,-65.7712,SM ,nd,325,1.5,nd,0,1,nd,1,nd,nd,2
cetacean,LMG0103,2001,113,4/3/01,04,03,17:09:04,92.71463,-66.0358,-65.7712,SM ,humpback_whale,325,1.5,2,0,1,nd,1,2,2,2
cetacean,LMG0103,2001,114,4/3/01,04,03,17:36:49,92.7339,-66.024,-65.8752,AS ,nd,270,1.5,nd,0,1,nd,3,nd,nd,2
cetacean,LMG0103,2001,115,4/3/01,04,03,17:36:49,92.7339,-66.024,-65.8752,AS ,undetermined_minke_whale,270,1.5,1,0,1,nd,3,1,1,2
cetacean,LMG0103,2001,116,4/3/01,04,03,18:22:52,92.76588,-66.0372,-66.073,SM ,nd,40,0,nd,2,nd,nd,5,nd,nd,2
cetacean,LMG0103,2001,117,4/3/01,04,03,18:22:52,92.76588,-66.0372,-66.073,SM ,like_minke,40,0,1,2,nd,nd,5,2,1,2
cetacean,LMG0103,2001,118,4/4/01,04,04,11:06:40,93.46297,-66.309,-66.6527,SM ,nd,90,0.01,nd,0,1,nd,3,nd,nd,2
cetacean,LMG0103,2001,119,4/4/01,04,04,11:06:40,93.46297,-66.309,-66.6527,SM ,undetermined_minke_whale,90,0.01,1,0,1,nd,3,1,1,2
cetacean,LMG0103,2001,120,4/4/01,04,04,13:34:23,93.56554,-66.6312,-67.3135,DT ,nd,90,1.3,nd,0,1,nd,3,nd,nd,2
cetacean,LMG0103,2001,121,4/4/01,04,04,13:34:23,93.56554,-66.6312,-67.3135,DT ,undetermined_minke_whale,90,1.3,1,0,1,nd,3,1,1,2
cetacean,LMG0103,2001,122,4/4/01,04,04,14:36:17,93.60853,-66.6727,-67.4088,DT ,nd,170,3,nd,0,1,nd,1,nd,nd,2
cetacean,LMG0103,2001,123,4/4/01,04,04,14:36:17,93.60853,-66.6727,-67.4088,DT ,unidentified_large_baleen_whale,170,3,3,0,1,nd,1,4,2,2
cetacean,LMG0103,2001,124,4/4/01,04,04,14:38:49,93.61029,-66.6735,-67.4108,DT ,nd,90,0.2,nd,0,1,nd,3,nd,nd,2
cetacean,LMG0103,2001,125,4/4/01,04,04,14:52:30,93.61979,-66.6683,-67.4023,DT ,nd,0,0.3,nd,0,1,nd,3,nd,nd,2
cetacean,LMG0103,2001,126,4/4/01,04,04,14:52:30,93.61979,-66.6683,-67.4023,DT ,undetermined_minke_whale,0,0.3,1,0,1,nd,3,1,1,2
cetacean,LMG0103,2001,127,4/4/01,04,04,16:12:15,93.67517,-66.6687,-67.3978,DT ,nd,342,2,nd,0,1,nd,1,nd,nd,2
cetacean,LMG0103,2001,128,4/4/01,04,04,16:12:15,93.67517,-66.6687,-67.3978,DT ,undetermined_minke_whale,342,2,20,0,1,nd,1,20,20,2
cetacean,LMG0103,2001,129,4/4/01,04,04,16:21:34,93.68165,-66.6897,-67.4378,DT ,nd,90,1,nd,0,1,nd,1,nd,nd,2
cetacean,LMG0103,2001,130,4/4/01,04,04,16:21:34,93.68165,-66.6897,-67.4378,DT ,undetermined_minke_whale,90,1,30,0,1,nd,1,30,30,2
cetacean,LMG0103,2001,131,4/4/01,04,04,16:38:58,93.69373,-66.6988,-67.4587,DT ,nd,345,1.2,nd,0,3,nd,3,nd,nd,2
cetacean,LMG0103,2001,132,4/4/01,04,04,16:38:58,93.69373,-66.6988,-67.4587,DT ,undetermined_minke_whale,345,1.2,12,0,3,nd,3,15,12,2
cetacean,LMG0103,2001,133,4/4/01,04,04,18:16:12,93.76125,-66.688,-67.4455,MM ,nd,355,0,nd,2,nd,nd,0,nd,nd,2
cetacean,LMG0103,2001,134,4/4/01,04,04,18:16:12,93.76125,-66.688,-67.4455,MM ,minke_whale_ordinary,355,0,1,2,nd,nd,0,1,1,2
cetacean,LMG0103,2001,135,4/4/01,04,04,20:15:25,93.84404,-66.8187,-67.6283,MM ,nd,280,0.3,nd,0,nd,nd,3,nd,nd,2
cetacean,LMG0103,2001,136,4/4/01,04,04,20:15:25,93.84404,-66.8187,-67.6283,MM ,minke_whale_ordinary,280,0.3,4,0,nd,nd,3,8,3,2
cetacean,LMG0103,2001,137,4/4/01,04,04,20:47:43,93.86647,-66.9032,-67.6577,MM ,nd,275,0.4,nd,0,nd,nd,1,nd,nd,2
cetacean,LMG0103,2001,138,4/4/01,04,04,20:47:43,93.86647,-66.9032,-67.6577,MM ,unidentified_whale,275,0.4,1,0,nd,nd,1,1,1,2
cetacean,LMG0103,2001,139,4/4/01,04,04,20:52:03,93.86948,-66.9145,-67.6578,SM ,nd,80,1,nd,0,1,nd,1,nd,nd,2
cetacean,LMG0103,2001,140,4/4/01,04,04,20:52:03,93.86948,-66.9145,-67.6578,SM ,like_minke_whale_ordinary,80,1,3,0,1,nd,1,4,3,2
cetacean,LMG0103,2001,141,4/4/01,04,04,21:01:39,93.87615,-66.9395,-67.6667,SM ,nd,120,3,nd,0,2,nd,1,nd,nd,2
cetacean,LMG0103,2001,142,4/4/01,04,04,21:01:39,93.87615,-66.9395,-67.6667,SM ,like_minke_whale_ordinary,120,3,5,0,2,nd,1,7,4,2
cetacean,LMG0103,2001,143,4/5/01,04,05,11:53:09,94.49524,-67.4123,-67.815,SM ,nd,20,0,nd,0,nd,nd,0,nd,nd,2
cetacean,LMG0103,2001,144,4/5/01,04,05,11:53:09,94.49524,-67.4123,-67.815,SM ,nd,20,0,6,0,nd,nd,0,6,6,2
cetacean,LMG0103,2001,145,4/5/01,04,05,14:39:56,94.61106,-67.6363,-68.0097,SM ,nd,260,0.5,nd,0,1,nd,3,nd,nd,2
cetacean,LMG0103,2001,146,4/5/01,04,05,14:39:56,94.61106,-67.6363,-68.0097,SM ,minke_whale_ordinary,260,0.5,1,0,1,nd,3,1,1,2
cetacean,LMG0103,2001,147,4/5/01,04,05,15:19:11,94.63832,-67.6922,-68.1067,SM ,nd,20,0.5,nd,0,1,nd,3,nd,nd,2
cetacean,LMG0103,2001,148,4/5/01,04,05,15:19:11,94.63832,-67.6922,-68.1067,SM ,minke_whale_ordinary,20,0.5,1,0,1,nd,3,1,1,2
cetacean,LMG0103,2001,149,4/5/01,04,05,15:30:40,94.6463,-67.6997,-68.1203,SM ,nd,30,1.5,nd,0,2,nd,1,nd,nd,2
cetacean,LMG0103,2001,150,4/5/01,04,05,15:30:40,94.6463,-67.6997,-68.1203,SM ,like_minke_whale_ordinary,30,1.5,2,0,2,nd,1,3,2,2
cetacean,LMG0103,2001,151,4/5/01,04,05,15:39:01,94.6521,-67.715,-68.1532,SM ,nd,30,2,nd,0,2,nd,3,nd,nd,2
cetacean,LMG0103,2001,152,4/5/01,04,05,15:39:01,94.6521,-67.715,-68.1532,SM ,humpback_whale,30,2,2,0,2,nd,3,3,2,2
cetacean,LMG0103,2001,153,4/5/01,04,05,18:59:51,94.79156,-67.8573,-67.6615,SM ,nd,90,0.5,nd,0,1,nd,3,nd,nd,2
cetacean,LMG0103,2001,154,4/5/01,04,05,18:59:51,94.79156,-67.8573,-67.6615,SM ,minke_whale_ordinary,90,0.5,1,0,1,nd,3,1,1,2
cetacean,LMG0103,2001,155,4/5/01,04,05,19:18:03,94.8042,-67.9055,-67.6598,SM ,nd,0,0.05,nd,0,nd,nd,3,nd,nd,2
cetacean,LMG0103,2001,156,4/5/01,04,05,19:18:03,94.8042,-67.9055,-67.6598,SM ,undetermined_minke_whale,0,0.05,1,0,nd,nd,3,1,1,2
cetacean,LMG0103,2001,157,4/5/01,04,05,19:48:29,94.82533,-67.9755,-67.6448,DT ,nd,275,0.2,nd,0,1,nd,3,nd,nd,1
cetacean,LMG0103,2001,158,4/5/01,04,05,19:48:29,94.82533,-67.9755,-67.6448,DT ,undetermined_minke_whale,275,0.2,1,0,1,nd,3,1,1,1
cetacean,LMG0103,2001,159,4/5/01,04,05,20:30:32,94.85453,-68.018,-67.6297,DT ,nd,65,1.5,nd,0,1,nd,1,nd,nd,1
cetacean,LMG0103,2001,160,4/5/01,04,05,20:30:32,94.85453,-68.018,-67.6297,DT ,undetermined_minke_whale,65,1.5,8,0,1,nd,1,12,6,1
cetacean,LMG0103,2001,161,4/6/01,04,06,17:40:47,95.73665,-68.2865,-68.4755,DT ,nd,355,0.1,nd,0,1,nd,1,nd,nd,1
cetacean,LMG0103,2001,162,4/6/01,04,06,17:40:47,95.73665,-68.2865,-68.4755,DT ,fin_whale,355,0.1,3,0,1,nd,1,3,3,1
cetacean,LMG0201A,2002,1,2/9/02,02,09,9:26:01,39.39307,-60.2408,-63.0107,DT ,unidentified_large_whale,270,4,2,0,1,nd,1,2,2,0
cetacean,LMG0201A,2002,2,2/9/02,02,09,11:23:40,39.47477,-60.5638,-62.8805,DT ,unidentified_large_whale,295,1.5,1,0,1,nd,1,1,1,0
cetacean,LMG0201A,2002,3,2/9/02,02,09,11:48:39,39.49212,-60.632,-62.8497,DT ,cruciger_dolphin,90,0.01,2,0,1,nd,2,2,2,0
cetacean,LMG0201A,2002,4,2/10/02,02,10,10:42:39,40.44628,-64.119,-61.823,DT ,humpback_whale,305,0.4,2,0,1,nd,1,2,2,0
cetacean,LMG0201A,2002,5,2/10/02,02,10,11:00:06,40.4584,-64.1643,-61.8493,RP ,nd,90,4,2,0,1,nd,1,2,2,0
cetacean,LMG0201A,2002,6,2/10/02,02,10,11:22:19,40.47383,-64.2222,-61.8858,RP ,humpback_whale,25,1,2,0,1,nd,1,2,2,0
cetacean,LMG0201A,2002,7,2/10/02,02,10,11:23:48,40.47486,-64.2262,-61.8882,RP ,humpback_whale,2,1.8,2,0,1,nd,1,2,2,0
cetacean,LMG0201A,2002,8,2/10/02,02,10,11:36:08,40.48342,-64.2577,-61.9097,RP ,nd,350,4,1,0,2,nd,1,0,0,0
cetacean,LMG0201A,2002,9,2/10/02,02,10,11:42:48,40.48806,-64.2748,-61.9215,DT ,nd,260,6,6,0,1,nd,1,7,5,0
cetacean,LMG0201A,2002,10,2/10/02,02,10,11:50:52,40.49366,-64.293,-61.9465,RP ,nd,340,0,1,0,1,nd,1,1,1,0
cetacean,LMG0201A,2002,11,2/10/02,02,10,11:53:09,40.49524,-64.298,-61.9545,DT ,humpback_whale,90,1.8,2,0,1,nd,1,2,2,0
cetacean,LMG0201A,2002,12,2/10/02,02,10,11:56:34,40.49762,-64.3055,-61.9662,DT ,nd,355,3,0,0,1,nd,1,0,0,0
cetacean,LMG0201A,2002,13,2/10/02,02,10,11:57:12,40.49806,-64.307,-61.9683,DT ,humpback_whale,8,7,2,0,1,nd,1,2,2,0
cetacean,LMG0201A,2002,14,2/10/02,02,10,12:01:21,40.50094,-64.3152,-61.9815,RP ,humpback_whale,17,2,3,0,1,nd,1,0,0,0
cetacean,LMG0201A,2002,15,2/10/02,02,10,12:10:26,40.50724,-64.3332,-62.013,RP ,humpback_whale,12,9,2,0,1,nd,1,3,2,0
cetacean,LMG0201A,2002,16,2/10/02,02,10,12:22:16,40.51547,-64.3567,-62.0563,RP ,humpback_whale,320,5,2,0,1,nd,1,2,2,0
cetacean,LMG0201A,2002,17,2/10/02,02,10,12:31:58,40.5222,-64.3755,-62.0942,RP ,humpback_whale,270,5.5,2,0,1,nd,1,2,2,0
cetacean,LMG0201A,2002,18,2/10/02,02,10,12:32:59,40.5229,-64.3775,-62.098,DT ,humpback_whale,270,0.8,2,0,1,nd,1,2,2,0
cetacean,LMG0201A,2002,19,2/10/02,02,10,12:34:02,40.52363,-64.3795,-62.1025,DT ,humpback_whale,295,3.5,2,0,1,nd,1,2,2,0
cetacean,LMG0201A,2002,20,2/10/02,02,10,12:34:52,40.52422,-64.3812,-62.1058,RP ,humpback_whale,315,3,1,0,1,nd,1,1,1,0
cetacean,LMG0201A,2002,21,2/10/02,02,10,12:35:42,40.52479,-64.3827,-62.1092,RP ,humpback_whale,325,3.5,1,0,1,nd,1,1,1,0
cetacean,LMG0201A,2002,22,2/10/02,02,10,12:36:50,40.52558,-64.3848,-62.1135,RP ,humpback_whale,330,4,4,0,1,nd,1,0,0,0
cetacean,LMG0201A,2002,23,2/10/02,02,10,12:49:10,40.53415,-64.4083,-62.1567,DT ,humpback_whale,355,1,3,0,1,nd,1,3,3,0
cetacean,LMG0201A,2002,24,2/10/02,02,10,13:12:26,40.5503,-64.4558,-62.2395,DT ,humpback_whale,90,0.2,1,0,1,nd,3,1,1,0
cetacean,LMG0201A,2002,25,2/10/02,02,10,13:13:05,40.55075,-64.4572,-62.2422,DT,minke_whale_ordinary,0,0,1,0,nd,nd,0,1,1,0
cetacean,LMG0201A,2002,26,2/10/02,02,10,13:18:22,40.55442,-64.4685,-62.2635,DT ,humpback_whale,90,4.5,2,0,1,nd,3,2,2,0
cetacean,LMG0201A,2002,27,2/10/02,02,10,14:05:28,40.58713,-64.5387,-62.513,DT ,humpback_whale,0,0.8,2,0,1,nd,3,2,2,0
cetacean,LMG0201A,2002,28,2/10/02,02,10,14:36:03,40.60837,-64.58,-62.6768,DT ,humpback_whale,351,1.2,2,0,1,nd,1,2,2,0
cetacean,LMG0201A,2002,29,2/10/02,02,10,15:35:00,40.64931,-64.6645,-62.9923,RP ,minke_whale_ordinary,310,3,2,0,1,nd,3,2,2,0
cetacean,LMG0201A,2002,30,2/10/02,02,10,15:41:25,40.65376,-64.6763,-63.0255,RP ,humpback_whale,270,2,2,0,2,nd,3,2,1,0
cetacean,LMG0201A,2002,31,2/10/02,02,10,18:33:18,40.77313,-64.8503,-63.8892,RP ,humpback_whale,330,6,1,0,1,nd,1,1,1,0
cetacean,LMG0201A,2002,32,2/10/02,02,10,18:33:54,40.77354,-64.8497,-63.8927,DT ,humpback_whale,350,4.5,1,0,1,nd,1,1,1,0
cetacean,LMG0201A,2002,33,2/12/02,02,12,11:03:07,42.4605,-65.6267,-67.0675,DT ,unidentified_large_whale,90,2,1,0,1,nd,1,2,1,0
cetacean,LMG0201A,2002,34,2/12/02,02,12,13:49:22,42.57595,-65.935,-67.8128,RP ,humpback_whale,290,7,4,0,1,nd,1,4,3,0
cetacean,LMG0201A,2002,35,2/12/02,02,12,13:53:33,42.57885,-65.9423,-67.833,RP ,unidentified_whale,270,7,6,0,1,nd,1,7,6,0
cetacean,LMG0201A,2002,36,2/13/02,02,13,17:16:53,43.72006,-66.788,-70.6723,RP ,nd,350,8,1,0,1,nd,1,1,1,0
cetacean,LMG0201A,2002,37,2/13/02,02,13,17:52:34,43.74484,-66.7573,-70.9313,RP ,nd,15,0,3,1,1,nd,1,0,0,0
cetacean,LMG0201A,2002,38,2/13/02,02,13,17:53:20,43.74537,-66.7567,-70.9367,DT ,nd,90,2,6,1,1,nd,1,0,0,0
cetacean,LMG0201A,2002,39,2/13/02,02,13,18:02:24,43.75167,-66.7465,-70.9912,RP ,unidentified_whale,90,6,40,0,1,nd,1,60,30,0
cetacean,LMG0201A,2002,40,2/13/02,02,13,23:17:17,43.97033,-66.995,-70.9102,RP ,minke_whale_ordinary,90,2.5,8,0,1,nd,1,8,7,0
cetacean,LMG0201A,2002,41,2/13/02,02,13,23:21:49,43.97349,-67.0063,-70.8982,RP ,minke_whale_ordinary,90,1,1,0,1,nd,1,1,1,0
cetacean,LMG0201A,2002,42,2/14/02,02,14,22:28:50,44.93669,-68.0305,-70.241,RP ,humpback_whale,70,1,2,0,1,nd,3,2,2,2
cetacean,LMG0201A,2002,43,2/15/02,02,15,22:20:02,45.93058,-66.6935,-72.921,DT ,undetermined_minke_whale,0,0.1,2,0,1,nd,2,3,2,0
cetacean,LMG0201A,2002,44,2/16/02,02,16,17:37:13,46.73418,-65.0998,-69.6477,DT ,unidentified_whale,0,0.3,1,0,1,nd,3,2,1,0
cetacean,LMG0201A,2002,45,2/16/02,02,16,17:45:42,46.74007,-65.0803,-69.6157,DT ,humpback_whale,315,0.8,2,0,1,nd,1,2,2,0
cetacean,LMG0201A,2002,46,2/17/02,02,17,17:03:32,47.71078,-64.9167,-68.36,DT ,humpback_whale,352,3,2,0,1,nd,1,3,2,0
cetacean,LMG0201A,2002,47,2/17/02,02,17,17:41:00,47.73681,-65.0178,-68.4735,DT ,humpback_whale,330,5,2,0,1,nd,1,2,2,0
cetacean,LMG0201A,2002,48,2/18/02,02,18,11:54:59,48.49651,-67.6772,-70.845,RP ,humpback_whale,20,1.5,1,0,1,nd,1,1,1,0
cetacean,LMG0201A,2002,49,2/19/02,02,19,1:40:22,49.0697,-68.327,-69.9637,RP ,unidentified_whale,270,4,1,0,2,nd,3,1,1,0
cetacean,LMG0201A,2002,50,2/20/02,02,20,11:30:20,50.4794,-67.6882,-67.8487,DT ,unidentified_whale/dolphin,210,0.2,4,0,1,nd,1,6,3,1
cetacean,LMG0201A,2002,51,2/20/02,02,20,18:48:28,50.78366,-67.1713,-67.6485,nd,unidentified_whale,70,0.8,2,0,2,nd,1,2,2,2
cetacean,LMG0201A,2002,52,2/21/02,02,21,12:13:55,51.50967,-67.3215,-67.8147,DT ,humpback_whale,0,4,2,0,2,nd,1,2,2,0
cetacean,LMG0201A,2002,53,2/21/02,02,21,0:00:43,51.0005,-67.1167,-67.6953,DT ,undetermined_minke_whale,340,0.5,1,0,1,nd,3,1,1,2
cetacean,LMG0201A,2002,54,2/21/02,02,21,0:12:33,51.00872,-67.1467,-67.6592,DT ,undetermined_minke_whale,270,0.2,2,0,1,nd,3,2,2,2
cetacean,LMG0201A,2002,55,2/21/02,02,21,1:00:59,51.04235,-67.2437,-67.8317,RP ,humpback_whale,50,1,2,0,1,nd,3,2,2,2
cetacean,LMG0201A,2002,56,2/22/02,02,22,15:19:57,52.63885,-68.2095,-70.5642,JH ,undetermined_minke_whale,10,0.2,1,0,1,nd,1,1,1,0
cetacean,LMG0201A,2002,57,2/22/02,02,22,15:44:36,52.65597,-68.2448,-70.6592,MM ,unidentified_small_whale,0,0.1,2,0,nd,nd,3,2,2,0
cetacean,LMG0201A,2002,58,2/22/02,02,22,16:11:28,52.67463,-68.2693,-70.7548,DT ,humpback_whale,20,2,2,0,1,nd,1,2,2,0
cetacean,LMG0201A,2002,59,2/22/02,02,22,16:12:04,52.67505,-68.2683,-70.7583,RP ,humpback_whale,330,2,2,0,1,nd,1,2,2,0
cetacean,LMG0201A,2002,60,2/22/02,02,22,17:02:42,52.71021,-68.2498,-70.7227,DT ,unidentified_whale/dolphin,70,2.5,2,0,1,nd,1,2,2,0
cetacean,LMG0201A,2002,61,2/22/02,02,22,18:53:00,52.78681,-68.2667,-70.5887,nd,humpback_whale,40,0.74,4,2,2,nd,1,5,4,0
cetacean,LMG0201A,2002,62,2/22/02,02,22,20:06:31,52.83786,-68.2473,-70.6568,RP ,humpback_whale,340,3,2,0,2,nd,3,2,2,0
cetacean,LMG0201A,2002,63,2/22/02,02,22,22:13:49,52.92626,-68.2558,-70.563,RP ,humpback_whale,355,1.5,2,0,2,nd,1,2,2,0
cetacean,LMG0201A,2002,64,2/22/02,02,22,22:19:03,52.9299,-68.2645,-70.537,RP ,humpback_whale,130,1,2,0,1,nd,1,2,2,0
cetacean,LMG0201A,2002,65,2/22/02,02,22,22:54:47,52.95471,-68.2705,-70.3697,RP ,humpback_whale,10,2,1,0,2,nd,1,1,1,0
cetacean,LMG0201A,2002,66,2/22/02,02,22,23:02:35,52.96012,-68.2745,-70.3567,RP ,humpback_whale,340,1.5,2,0,1,nd,1,2,2,0
cetacean,LMG0201A,2002,67,2/22/02,02,22,23:03:10,52.96053,-68.2748,-70.3562,RP ,humpback_whale,355,3.5,4,0,2,nd,1,7,4,0
cetacean,LMG0201A,2002,68,2/22/02,02,22,23:12:57,52.96733,-68.2975,-70.322,RP ,minke_whale_ordinary,330,0.3,1,0,1,nd,1,1,1,0
cetacean,LMG0201A,2002,69,2/22/02,02,22,23:17:23,52.9704,-68.2962,-70.3007,RP ,minke_whale_ordinary,0,0.1,2,0,1,nd,3,3,2,0
cetacean,LMG0201A,2002,70,2/22/02,02,22,23:22:12,52.97375,-68.288,-70.2735,nd,unidentified_whale,180,0,1,0,2,nd,0,1,1,0
cetacean,LMG0201A,2002,71,2/22/02,02,22,23:45:54,52.99021,-68.3057,-70.1365,nd,humpback_whale,350,1,2,0,1,nd,1,2,2,0
cetacean,LMG0201A,2002,72,2/24/02,02,24,15:43:53,54.65547,-66.0932,-66.2062,RP ,humpback_whale,20,0.8,2,0,1,nd,1,3,2,0
cetacean,LMG0201A,2002,73,2/24/02,02,24,16:06:44,54.67134,-66.0505,-66.1133,RP ,unidentified_large_whale,135,1.2,1,0,1,nd,1,1,1,0
cetacean,LMG0201A,2002,74,2/24/02,02,24,17:02:06,54.70979,-66.0315,-65.8108,RP ,undetermined_minke_whale,90,0.75,1,0,1,nd,0,1,1,2
cetacean,LMG0201A,2002,75,2/24/02,02,24,19:08:06,54.79729,-66.039,-65.7323,RP ,like_minke,330,0.5,1,0,1,nd,3,1,1,2
cetacean,LMG0201A,2002,76,2/24/02,02,24,19:38:23,54.81832,-66.0223,-65.9105,DT ,unidentified_whale,90,1,1,0,1,nd,1,1,1,2
cetacean,LMG0201A,2002,77,2/24/02,02,24,20:16:24,54.84472,-66.0488,-66.1113,DT ,humpback_whale,90,2,2,0,1,nd,1,2,2,1
cetacean,LMG0201A,2002,78,2/24/02,02,24,20:20:28,54.84755,-66.057,-66.1313,DT ,humpback_whale,215,2,4,0,1,nd,1,5,3,1
cetacean,LMG0201A,2002,79,2/27/02,02,27,16:52:42,57.70326,-64.6352,-62.9007,nd,humpback_whale,330,0.5,3,0,1,nd,3,3,3,0
cetacean,LMG0201A,2002,80,2/27/02,02,27,17:03:29,57.71075,-64.6178,-62.8333,nd,humpback_whale,320,0.5,2,0,1,nd,3,3,2,0
cetacean,LMG0201A,2002,81,2/27/02,02,27,17:38:52,57.73533,-64.5612,-62.6252,nd,humpback_whale,0,0.2,1,0,1,nd,3,1,1,0
cetacean,LMG0201A,2002,82,2/27/02,02,27,17:51:51,57.74434,-64.5343,-62.6762,nd,humpback_whale,340,1,3,0,1,nd,3,3,3,0
cetacean,LMG0201A,2002,83,2/27/02,02,27,17:52:25,57.74474,-64.5337,-62.6797,nd,humpback_whale,5,2.5,1,0,2,nd,3,1,1,0
cetacean,LMG0201A,2002,84,2/27/02,02,27,17:57:26,57.74822,-64.5282,-62.7093,nd,humpback_whale,90,1,2,0,1,nd,3,2,2,0
cetacean,LMG0201A,2002,85,2/27/02,02,27,18:27:45,57.76927,-64.4863,-62.8395,nd,humpback_whale,90,1.5,1,0,2,nd,3,1,1,0
cetacean,LMG0201A,2002,86,2/27/02,02,27,18:32:18,57.77243,-64.475,-62.8293,nd,humpback_whale,40,1,2,0,1,nd,3,2,2,0
cetacean,LMG0201A,2002,87,2/27/02,02,27,18:35:01,57.77432,-64.4685,-62.8195,nd,humpback_whale,70,1.2,2,0,2,nd,3,2,2,0
cetacean,LMG0201A,2002,88,2/27/02,02,27,18:40:54,57.7784,-64.4563,-62.7937,nd,humpback_whale,90,0.8,3,0,1,nd,3,3,2,0
cetacean,LMG0201A,2002,89,2/27/02,02,27,18:41:16,57.77866,-64.4557,-62.7922,nd,humpback_whale,320,0.01,1,0,1,nd,4,1,1,0
cetacean,LMG0201A,2002,90,2/27/02,02,27,18:44:18,57.78076,-64.4495,-62.778,nd,humpback_whale,260,2,2,0,1,nd,1,4,2,0
cetacean,LMG0201A,2002,91,2/27/02,02,27,18:49:14,57.78419,-64.438,-62.7603,nd,humpback_whale,20,1,2,0,1,nd,3,2,2,0
cetacean,LMG0201A,2002,92,2/27/02,02,27,18:56:01,57.7889,-64.4185,-62.7563,nd,humpback_whale,330,1,2,0,1,nd,3,2,2,0
cetacean,LMG0201A,2002,93,2/27/02,02,27,18:56:27,57.7892,-64.4172,-62.7563,nd,humpback_whale,350,2.5,3,0,1,nd,3,3,3,0
cetacean,LMG0201A,2002,94,2/27/02,02,27,19:19:23,57.80512,-64.3525,-62.7418,nd,humpback_whale,340,2,5,0,1,nd,3,6,4,0
cetacean,LMG0201A,2002,95,2/27/02,02,27,19:27:39,57.81087,-64.3287,-62.7392,nd,humpback_whale,330,2.5,2,0,1,nd,3,2,2,0
cetacean,LMG0201A,2002,96,2/27/02,02,27,19:45:21,57.82316,-64.2777,-62.7353,nd,humpback_whale,5,0.2,1,0,1,nd,3,1,1,0
cetacean,LMG0201A,2002,97,2/27/02,02,27,19:56:09,57.83066,-64.2462,-62.7352,nd,humpback_whale,15,3,2,0,2,nd,3,3,2,0
cetacean,NBP0103,2001,1,4/25/01,04,25,14:03:41,114.58589,-53.832,-66.2092,AF ,cruciger_dolphin,330,0.5,6,0,1,nd,2,8,5,0
cetacean,NBP0103,2001,2,4/28/01,04,28,17:00:48,117.70889,-64.8278,-64.0503,AF ,minke_whale_ordinary,340,0.5,1,0,1,nd,3,1,1,0
cetacean,NBP0103,2001,3,4/28/01,04,28,17:04:45,117.71163,-64.8377,-64.0678,AF ,humpback_whale,5,1.2,3,0,1,nd,1,3,3,0
cetacean,NBP0103,2001,4,5/1/01,05,01,13:50:53,120.577,-66.2,-71.0527,AF ,humpback_whale,20,0.25,1,0,1,nd,2,1,1,0
cetacean,NBP0103,2001,5,5/1/01,05,01,14:08:11,120.58901,-66.2203,-71.0838,AF ,like_humpback_whale,60,1,1,0,1,nd,1,1,1,0
cetacean,NBP0103,2001,6,5/1/01,05,01,15:13:09,120.63413,-66.2962,-71.207,AF ,humpback_whale,315,1.75,1,0,1,nd,1,1,1,0
cetacean,NBP0103,2001,7,5/1/01,05,01,18:33:20,120.77315,-66.4217,-71.3813,AF ,humpback_whale,0,1.5,2,0,1,nd,1,3,2,0
cetacean,NBP0103,2001,8,5/1/01,05,01,19:13:36,120.80111,-66.4447,-71.2555,AF ,humpback_whale,10,2,1,0,2,nd,1,1,1,0
cetacean,NBP0103,2001,9,5/1/01,05,01,19:51:39,120.82753,-66.4728,-71.1467,AF ,humpback_whale,320,1.3,1,0,1,nd,1,1,1,0
cetacean,NBP0103,2001,10,5/2/01,05,02,13:27:57,121.56108,-66.8763,-70.1728,AF ,minke_whale_ordinary,350,0.3,1,0,1,nd,1,1,1,0
cetacean,NBP0103,2001,11,5/2/01,05,02,14:15:58,121.59442,-66.896,-70.0128,AF ,unidentified_large_whale,5,2,1,0,1,nd,1,1,1,0
cetacean,NBP0103,2001,12,5/5/01,05,05,18:19:36,124.76361,-67.4002,-71.1225,AF ,minke_whale_ordinary,45,0.75,1,0,1,nd,1,1,1,0
cetacean,NBP0103,2001,13,5/5/01,05,05,18:43:32,124.78023,-67.4405,-70.96,AF ,humpback_whale,30,1,2,0,1,nd,1,2,2,0
cetacean,NBP0103,2001,14,6/5/01,06,05,17:43:23,155.73846,-67.9783,-68.5517,AF ,humpback_whale,330,1.5,1,0,2,nd,1,2,1,0
cetacean,NBP0103,2001,15,6/5/01,06,05,20:17:48,155.84569,-67.8575,-68.0975,AF ,humpback_whale,30,0.2,1,0,1,nd,1,1,1,0
cetacean,NBP0103,2001,16,7/5/01,07,05,14:56:23,185.62249,-68.674,-67.9758,AF ,minke_whale_ordinary,340,0.3,3,0,1,nd,1,3,2,0
cetacean,NBP0103,2001,17,7/5/01,07,05,18:22:35,185.76568,-68.5388,-68.5403,AF ,minke_whale_ordinary,330,0.5,1,0,1,nd,3,1,1,0
cetacean,NBP0103,2001,18,5/12/01,05,12,16:29:24,131.68708,-68.6828,-70.5883,AF ,minke_whale_ordinary,350,0.4,1,0,1,nd,3,1,1,0
cetacean,NBP0103,2001,19,5/12/01,05,12,16:33:36,131.69,-68.6858,-70.6025,AF ,minke_whale_ordinary,10,0.3,2,0,1,nd,3,3,2,0
cetacean,NBP0103,2001,20,5/12/01,05,12,16:38:39,131.69351,-68.6893,-70.6195,AF ,minke_whale_ordinary,330,0.8,1,0,2,nd,4,1,1,0
cetacean,NBP0103,2001,21,5/12/01,05,12,16:48:55,131.70064,-68.6952,-70.6545,AF ,minke_whale_ordinary,340,1,3,0,2,nd,3,3,3,0
cetacean,NBP0103,2001,22,5/12/01,05,12,17:02:38,131.71016,-68.7053,-70.6983,AF ,minke_whale_ordinary,60,0.3,1,0,1,nd,3,1,1,0
cetacean,NBP0103,2001,23,5/12/01,05,12,17:17:29,131.72047,-68.7117,-70.75,AF ,minke_whale_ordinary,70,0.2,1,0,1,nd,3,1,1,5
cetacean,NBP0103,2001,24,5/12/01,05,12,17:31:28,131.73019,-68.7155,-70.8017,AF ,minke_whale_ordinary,330,0.2,1,0,1,nd,3,1,1,5
cetacean,NBP0103,2001,25,5/12/01,05,12,17:35:45,131.73316,-68.718,-70.8177,AF ,minke_whale_ordinary,340,0.3,1,0,1,nd,3,1,1,5
cetacean,NBP0103,2001,26,5/12/01,05,12,17:54:53,131.74644,-68.7317,-70.8865,AF ,minke_whale_ordinary,0,0.4,1,0,1,nd,3,1,1,5
cetacean,NBP0103,2001,27,5/12/01,05,12,18:09:32,131.75662,-68.7403,-70.9423,AF ,minke_whale_ordinary,30,0.5,2,0,1,nd,3,2,2,5
cetacean,NBP0103,2001,28,5/16/01,05,16,17:30:12,135.72931,-69.0832,-72.546,AF ,humpback_whale,315,1,2,0,2,nd,3,3,2,0
cetacean,NBP0103,2001,29,5/16/01,05,16,17:41:24,135.73708,-69.0972,-72.5728,AF ,minke_whale_ordinary,330,0.6,2,0,2,nd,3,2,2,0
cetacean,NBP0103,2001,30,5/16/01,05,16,17:47:39,135.74142,-69.1052,-72.5875,AF ,humpback_whale,0,0.5,2,0,1,nd,3,3,2,0
cetacean,NBP0103,2001,31,5/16/01,05,16,17:58:14,135.74877,-69.1182,-72.6153,AF ,humpback_whale,345,1,1,0,1,nd,3,1,1,0
cetacean,NBP0103,2001,32,5/28/01,05,28,14:50:20,147.61828,-67.8918,-68.1473,AF ,humpback_whale,260,2,2,0,2,nd,3,3,2,0
cetacean,NBP0103,2001,33,5/30/01,05,30,13:59:23,149.5829,-67.8283,-69.4008,AF ,humpback_whale,260,2.5,2,0,2,nd,3,3,2,0
cetacean,NBP0103,2001,34,5/30/01,05,30,15:19:20,149.63842,-68.0732,-69.3043,AF ,minke_whale_ordinary,20,0.1,1,0,1,nd,2,1,1,0
cetacean,NBP0103,2001,35,5/31/01,05,31,15:54:49,150.66307,-67.1655,-69.2523,AF ,minke_whale_ordinary,0,0.3,1,0,1,nd,3,1,1,1
cetacean,NBP0103,2001,36,5/31/01,05,31,16:50:55,150.70203,-67.0527,-69.0718,AF ,minke_whale_ordinary,270,0.5,1,0,1,nd,3,1,1,1
cetacean,NBP0104,2001,1,7/29/01,07,29,16:50:47,209.70193,-66.4332,-69.7298,AF ,minke_whale_ordinary,350,0.5,1,0,1,nd,3,1,1,9
cetacean,NBP0104,2001,2,7/29/01,07,29,19:14:34,209.80178,-66.3062,-70.1632,AF ,minke_whale_ordinary,5,1.5,1,0,2,nd,1,1,1,0
cetacean,NBP0104,2001,3,8/14/01,08,14,17:18:10,225.72095,-67.7103,-69.8838,BP ,minke_whale_ordinary,20,1.5,2,0,2,nd,1,3,2,0
cetacean,NBP0104,2001,4,8/14/01,08,14,17:43:58,225.73887,-67.6843,-69.9127,BP ,like_minke,20,3,1,0,2,nd,1,2,1,0
cetacean,NBP0104,2001,5,8/14/01,08,14,17:45:24,225.73986,-67.6835,-69.9132,BP ,minke_whale_ordinary,10,0.5,1,0,1,nd,1,1,1,0
cetacean,NBP0104,2001,6,8/22/01,08,22,17:28:55,233.72842,-68.4867,-75.6225,BP ,like_minke,330,3,1,0,2,nd,1,1,1,0
cetacean,NBP0104,2001,7,8/22/01,08,22,17:54:56,233.74648,-68.4432,-75.6532,BP ,like_minke,5,2.5,2,0,2,nd,1,2,2,0
cetacean,NBP0104,2001,8,8/22/01,08,22,18:32:18,233.77243,-68.3863,-75.6228,AF ,like_minke,90,3,2,0,2,nd,1,2,1,0
cetacean,NBP0104,2001,9,8/22/01,08,22,18:54:10,233.78762,-68.35,-75.6258,AF ,like_minke,315,1.5,1,0,2,nd,1,1,1,0
cetacean,NBP0104,2001,10,8/27/01,08,27,21:03:03,238.87712,-64.7328,-63.068,AF ,killer_whale,320,1.5,3,0,1,nd,3,3,3,1
cetacean,NBP0202,2002,1,4/18/02,04,18,17:22:40,107.72408,-67.0115,-69.3585,DG ,like_sei_whale,270,3,3,0,1,nd,3,3,3,0
cetacean,NBP0202,2002,2,4/19/02,04,19,13:34:37,108.56571,-67.1687,-70.3775,DG ,humpback_whale,285,1.8,2,0,1,nd,1,3,2,0
cetacean,NBP0202,2002,3,4/19/02,04,19,17:08:17,108.71408,-67.0502,-70.755,DG ,minke_whale_ordinary,280,0.02,2,0,1,nd,3,3,2,0
cetacean,NBP0202,2002,4,4/19/02,04,19,17:51:45,108.74427,-67.0153,-70.8737,DG ,nd,280,0.6,3,0,1,nd,1,2,1,0
cetacean,NBP0202,2002,5,4/19/02,04,19,18:09:35,108.75665,-67.0013,-70.9208,DG ,humpback_whale,270,1,4,0,1,nd,1,4,3,0
cetacean,NBP0202,2002,6,4/19/02,04,19,19:21:06,108.80632,-66.9437,-71.1115,DG ,humpback_whale,0,4,4,0,1,nd,1,5,4,0
cetacean,NBP0202,2002,7,4/19/02,04,19,19:50:28,108.82672,-66.9205,-71.1927,DG ,like_humpback_whale,335,6,2,0,2,nd,1,4,2,0
cetacean,NBP0202,2002,8,4/19/02,04,19,20:36:34,108.85873,-66.8843,-71.3172,DG ,humpback_whale,280,7,5,0,2,nd,1,6,4,0
cetacean,NBP0202,2002,9,4/27/02,04,27,20:59:33,116.87469,-67.8812,-72.5372,DG ,humpback_whale,118,0.1,4,0,1,nd,1,4,4,0
cetacean,NBP0202,2002,10,4/30/02,04,30,18:50:14,119.78488,-68.9015,-69.6877,DG ,killer_whale,10,3.5,4,0,2,nd,3,5,3,0
cetacean,NBP0202,2002,11,5/2/02,05,02,14:39:26,121.61072,-68.011,-73.5875,DG ,like_humpback_whale,260,0.4,1,0,1,nd,1,1,1,0
cetacean,NBP0202,2002,12,5/4/02,05,04,18:22:58,123.76595,-68.535,-73.494,DG ,humpback_whale,145,2.5,1,0,1,nd,3,2,1,0
cetacean,NBP0202,2002,13,5/4/02,05,04,19:56:42,123.83104,-68.607,-73.2123,DG ,humpback_whale,100,4.5,4,0,2,nd,3,5,3,0
cetacean,NBP0202,2002,14,5/4/02,05,04,20:07:56,123.83884,-68.6172,-73.1797,DG ,humpback_whale,70,6,2,0,2,nd,3,4,2,0
cetacean,NBP0202,2002,15,5/6/02,05,06,15:47:44,125.65815,-68.4757,-75.1207,DG ,unidentified_small_whale,285,2,1,0,2,nd,1,2,1,8
cetacean,NBP0202,2002,16,5/6/02,05,06,16:43:27,125.69684,-68.4198,-75.264,DG ,like_humpback_whale,330,5,3,0,1,nd,1,4,2,8
cetacean,NBP0202,2002,17,5/6/02,05,06,17:39:56,125.73606,-68.3705,-75.4322,DG ,humpback_whale,10,2,3,0,1,nd,1,4,3,1
cetacean,NBP0202,2002,18,5/6/02,05,06,17:53:39,125.74559,-68.358,-75.4698,DG ,unidentified_large_baleen_whale,20,3,1,0,1,nd,1,1,1,1
cetacean,NBP0202,2002,19,5/6/02,05,06,18:23:47,125.76651,-68.3297,-75.5515,DG ,humpback_whale,290,0.8,1,0,1,nd,1,1,1,1
cetacean,NBP0202,2002,20,5/6/02,05,06,19:07:29,125.79686,-68.2892,-75.6723,DG ,like_humpback_whale,240,4,3,0,2,nd,1,4,3,0
cetacean,NBP0202,2002,21,5/9/02,05,09,19:09:00,128.79792,-68.8887,-77.2088,DG ,undetermined_minke_whale,300,1.2,2,0,1,nd,1,3,2,0
cetacean,NBP0202,2002,22,5/11/02,05,11,18:45:02,130.78127,-68.3018,-71.8607,DG ,undetermined_minke_whale,10,0.19,1,0,1,nd,1,1,1,9
cetacean,NBP0202,2002,23,5/12/02,05,12,14:36:47,131.60888,-68.2203,-69.8115,DG ,killer_whale,70,2.5,3,0,2,nd,3,4,2,8
cetacean,NBP0202,2002,24,5/13/02,05,13,19:01:10,132.79248,-67.2057,-70.274,DG ,humpback_whale,330,0.6,1,0,1,nd,1,2,1,5
cetacean,NBP0202,2002,25,5/14/02,05,14,14:20:32,133.59759,-66.4963,-69.6633,DG ,humpback_whale,180,1.5,2,0,1,nd,1,3,2,0
cetacean,NBP0202,2002,26,5/17/02,05,17,14:35:45,136.60816,-64.7292,-63.0702,DG ,undetermined_minke_whale,260,0.1,1,0,1,nd,3,1,1,2
cetacean,NBP0202,2002,27,5/17/02,05,17,14:51:50,136.61933,-64.7043,-63.0095,DG ,humpback_whale,160,1,1,0,1,nd,3,1,1,2
cetacean,NBP0202,2002,28,5/17/02,05,17,15:45:50,136.65683,-64.6297,-62.858,DG ,humpback_whale,80,0.4,2,0,1,nd,3,2,2,2
cetacean,NBP0202,2002,29,5/17/02,05,17,16:51:04,136.70213,-64.5432,-62.5055,DG ,humpback_whale,55,0.8,3,0,1,nd,1,3,3,1
cetacean,NBP0202,2002,30,5/17/02,05,17,17:19:54,136.72215,-64.54,-62.4567,DG ,like_humpback_whale,140,1.8,3,0,1,nd,1,5,3,1
cetacean,NBP0202,2002,31,5/17/02,05,17,18:24:41,136.76714,-64.4912,-62.2678,DG ,humpback_whale,50,2.5,3,0,1,nd,1,4,3,1
cetacean,NBP0204,2002,1,8/2/02,08,02,14:22:23,213.59887,-57.6923,-64.1213,FV ,unidentified_small_whale,328,0.45,3,0,1,nd,1,4,3,0
cetacean,NBP0204,2002,2,8/4/02,08,04,18:54:11,215.78762,-64.8858,-64.1395,FV ,like_humpback_whale,76,3.6,3,0,3,nd,3,4,3,0
cetacean,NBP0204,2002,3,8/9/02,08,09,20:11:46,220.84151,-67.2232,-70.6415,FV ,undetermined_minke_whale,62,0.16,3,0,1,nd,3,4,3,0
cetacean,NBP0204,2002,4,8/11/02,08,11,16:07:03,222.67156,-68.697,-76.1582,FV ,undetermined_minke_whale,336,0.5,3,0,1,nd,5,4,3,0
cetacean,NBP0204,2002,5,8/11/02,08,11,16:20:56,222.6812,-68.69,-76.1897,FV ,undetermined_minke_whale,10,0.4,3,0,1,nd,1,4,3,0
cetacean,NBP0204,2002,6,8/11/02,08,11,17:38:24,222.735,-68.681,-76.1932,nd,undetermined_minke_whale,35,0.53,3,0,1,nd,1,4,3,0
cetacean,NBP0204,2002,7,8/14/02,08,14,13:50:45,225.57691,-68.6723,-76.5343,FV ,undetermined_minke_whale,8,1.3,3,0,1,nd,1,4,3,0
cetacean,NBP0204,2002,8,8/14/02,08,14,20:03:12,225.83556,-68.4013,-76.1388,FV ,undetermined_minke_whale,270,1.26,3,0,1,nd,1,4,3,0
cetacean,NBP0204,2002,9,8/14/02,08,14,20:34:15,225.85712,-68.3805,-76.0528,FV ,undetermined_minke_whale,270,0.2,3,0,1,nd,3,4,3,9
cetacean,NBP0204,2002,10,8/15/02,08,15,14:01:30,226.58437,-68.5328,-74.5787,FV ,undetermined_minke_whale,6,0.62,3,0,1,nd,1,4,3,0
cetacean,NBP0204,2002,11,8/16/02,08,16,15:14:14,227.63488,-68.517,-74.1765,FV ,undetermined_minke_whale,351,0.27,3,0,1,nd,1,4,3,8
cetacean,NBP0204,2002,12,8/16/02,08,16,18:31:15,227.7717,-68.4545,-74.6948,FV ,undetermined_minke_whale,352,0.67,3,0,1,nd,3,4,3,9
cetacean,NBP0204,2002,13,8/18/02,08,18,16:42:52,229.69644,-67.5213,-72.8442,FV ,unidentified_whale,352,0.9,3,0,2,nd,0,4,3,8
cetacean,NBP0204,2002,14,8/18/02,08,18,20:13:03,229.8424,-67.5903,-72.0308,FV ,undetermined_minke_whale,326,0.55,3,0,1,nd,3,4,3,8
cetacean,NBP0204,2002,15,8/21/02,08,21,14:54:17,232.62103,-67.0085,-73.3708,nd,unidentified_whale,0,0,3,0,nd,nd,0,4,3,7
cetacean,NBP0204,2002,16,8/21/02,08,21,16:13:22,232.67595,-67.048,-73.5585,FV ,undetermined_minke_whale,24,0.5,3,0,2,nd,3,4,3,7
cetacean,NBP0204,2002,17,8/21/02,08,21,19:26:38,232.81016,-67.1415,-74.189,FV ,undetermined_minke_whale,65,2,3,0,1,nd,1,4,3,7
cetacean,NBP0204,2002,18,8/24/02,08,24,17:55:19,235.74675,-67.8218,-73.9985,FV ,undetermined_minke_whale,18,0.8,3,0,1,nd,3,4,3,0
penguin,LMG0103,2001,1,3/19/01,03,19,10:34:15,77.44045,-52.9628,-67.6615,0,8,0,0.14,10,nd,2,N,nd,nd,nd,nd
penguin,LMG0103,2001,2,3/21/01,03,21,12:12:03,79.50837,-59.0847,-61.936,0,18,180,0.03,1,nd,1,N,nd,nd,nd,nd
penguin,LMG0103,2001,3,3/23/01,03,23,12:08:32,81.50592,-62.9327,-61.8502,0,9,0,0.01,1,nd,1,N,nd,nd,nd,nd
penguin,LMG0103,2001,4,3/23/01,03,23,14:21:16,81.5981,-63.2883,-61.6193,0,18,180,0.8,1,nd,1,N,nd,nd,nd,nd
penguin,LMG0103,2001,5,3/23/01,03,23,14:21:16,81.5981,-63.2883,-61.6193,0,18,180,3.04,1,nd,1,N,nd,nd,nd,nd
penguin,LMG0103,2001,6,3/23/01,03,23,14:21:16,81.5981,-63.2883,-61.6193,0,18,180,3.04,1,nd,1,N,nd,nd,nd,nd
penguin,LMG0103,2001,7,3/23/01,03,23,14:21:16,81.5981,-63.2883,-61.6193,0,18,180,3.04,1,nd,1,N,nd,nd,nd,nd
penguin,LMG0103,2001,8,3/23/01,03,23,14:21:16,81.5981,-63.2883,-61.6193,1,18,180,3.04,1,nd,1,N,nd,nd,nd,nd
penguin,LMG0103,2001,9,3/23/01,03,23,14:21:16,81.5981,-63.2883,-61.6193,0,18,180,3.04,1,nd,1,N,nd,nd,nd,nd
penguin,LMG0103,2001,10,3/23/01,03,23,14:21:16,81.5981,-63.2883,-61.6193,2,18,180,3.04,1,nd,1,N,nd,nd,nd,nd
penguin,LMG0103,2001,11,3/23/01,03,23,14:21:16,81.5981,-63.2883,-61.6193,0,18,180,3.04,1,nd,1,N,nd,nd,nd,nd
penguin,LMG0103,2001,12,3/23/01,03,23,14:21:16,81.5981,-63.2883,-61.6193,0,18,180,3.04,1,nd,1,N,nd,nd,nd,nd
penguin,LMG0103,2001,13,3/23/01,03,23,14:28:41,81.60325,-63.3073,-61.6073,0,18,180,3.1,1,nd,1,N,nd,nd,nd,nd
penguin,LMG0103,2001,14,3/23/01,03,23,16:44:25,81.69751,-63.6667,-61.3777,0,1,45,0.05,0,nd,1,N,nd,nd,nd,nd
penguin,LMG0103,2001,15,3/25/01,03,25,17:09:25,83.71488,-65.048,-64.9747,0,18,180,0.01,1,nd,1,N,nd,nd,nd,nd
penguin,LMG0103,2001,16,3/29/01,03,29,10:33:29,87.43992,-68.2328,-71.0263,0,18,180,0.01,1,nd,1,N,nd,nd,nd,nd
penguin,LMG0103,2001,17,3/29/01,03,29,22:07:47,87.92207,-67.9717,-70.003,0,18,180,0.01,1,nd,1,N,nd,nd,nd,nd
penguin,LMG0103,2001,18,3/30/01,03,30,18:26:28,88.76838,-66.8877,-70.0378,0,18,180,0.03,1,nd,1,N,nd,nd,nd,nd
penguin,LMG0103,2001,19,3/31/01,03,31,22:39:26,89.94405,-66.7862,-73.144,0,18,180,0.03,1,nd,1,N,nd,nd,nd,nd
penguin,LMG0103,2001,20,4/1/01,04,01,17:57:20,90.74815,-65.4117,-70.1477,0,8,0,0.08,1,nd,1,N,nd,nd,nd,nd
penguin,LMG0103,2001,21,4/3/01,04,03,11:53:38,92.49558,-65.7665,-64.9368,0,1,335,0.11,1,nd,1,Y,nd,nd,nd,nd
penguin,LMG0103,2001,22,4/3/01,04,03,11:55:22,92.49678,-65.771,-64.9427,0,5,270,0.08,1,nd,1,Y,nd,nd,nd,nd
penguin,LMG0103,2001,23,4/3/01,04,03,11:55:51,92.49712,-65.7722,-64.9442,0,1,270,0.01,1,nd,1,N,nd,nd,nd,nd
penguin,LMG0103,2001,24,4/3/01,04,03,11:57:43,92.49842,-65.7757,-64.9528,0,1,20,0.16,1,nd,1,Y,nd,nd,nd,nd
penguin,LMG0103,2001,25,4/3/01,04,03,12:11:39,92.50809,-65.7867,-65.0473,0,1,90,0,3,nd,1,Y,nd,nd,nd,nd
penguin,LMG0103,2001,26,4/3/01,04,03,12:12:01,92.50835,-65.787,-65.05,0,5,90,0.16,5,nd,1,Y,nd,nd,nd,nd
penguin,LMG0103,2001,27,4/3/01,04,03,12:12:22,92.50859,-65.7872,-65.0527,0,5,120,0.24,4,nd,1,Y,nd,nd,nd,nd
penguin,LMG0103,2001,28,4/3/01,04,03,12:33:05,92.52297,-65.8052,-65.13,0,18,180,0.01,1,nd,1,N,nd,nd,nd,nd
penguin,LMG0103,2001,29,4/3/01,04,03,13:18:08,92.55426,-65.8402,-65.1803,0,2,90,0.27,2,nd,1,Y,nd,nd,nd,nd
penguin,LMG0103,2001,30,4/3/01,04,03,13:18:39,92.55462,-65.8417,-65.1813,0,1,64,0.11,3,nd,1,Y,nd,nd,nd,nd
penguin,LMG0103,2001,31,4/3/01,04,03,17:41:49,92.73738,-66.0242,-65.8793,0,18,90,1.5,1,nd,1,N,nd,nd,nd,nd
penguin,LMG0103,2001,32,4/5/01,04,05,10:51:54,94.45271,-67.2433,-67.8307,0,2,270,0.08,1,nd,1,Y,nd,nd,nd,nd
penguin,LMG0103,2001,33,4/5/01,04,05,11:00:32,94.4587,-67.2613,-67.8615,0,1,50,0.27,2,nd,2,Y,nd,nd,nd,nd
penguin,LMG0103,2001,34,4/5/01,04,05,11:03:19,94.46064,-67.2693,-67.859,0,1,50,0.16,1,nd,2,N,nd,nd,nd,nd
penguin,LMG0103,2001,35,4/5/01,04,05,11:04:13,94.46126,-67.2718,-67.8575,0,1,25,0.24,1,nd,2,N,nd,nd,nd,nd
penguin,LMG0103,2001,36,4/5/01,04,05,11:04:37,94.46154,-67.273,-67.857,0,1,40,0.32,1,nd,2,N,nd,nd,nd,nd
penguin,LMG0103,2001,37,4/5/01,04,05,11:07:08,94.46328,-67.2802,-67.854,0,1,10,0.5,1,nd,2,N,nd,nd,nd,nd
penguin,LMG0103,2001,38,4/5/01,04,05,11:07:08,94.46328,-67.2802,-67.854,0,6,10,0.5,1,nd,2,N,nd,nd,nd,nd
penguin,LMG0103,2001,39,4/5/01,04,05,11:12:26,94.46697,-67.2957,-67.8478,0,6,90,0.6,2,nd,1,Y,nd,nd,nd,nd
penguin,LMG0103,2001,40,4/5/01,04,05,11:15:08,94.46884,-67.3033,-67.8447,0,1,90,0.01,2,nd,1,Y,nd,nd,nd,nd
penguin,LMG0103,2001,41,4/5/01,04,05,11:15:27,94.46906,-67.3042,-67.8443,0,12,90,0.01,1,nd,1,Y,nd,nd,nd,nd
penguin,LMG0103,2001,42,4/5/01,04,05,11:24:44,94.47551,-67.3303,-67.8307,0,1,90,0.01,1,nd,1,Y,nd,nd,nd,nd
penguin,LMG0103,2001,43,4/5/01,04,05,11:30:03,94.4792,-67.3453,-67.8238,0,1,45,0.5,1,nd,2,Y,nd,nd,nd,nd
penguin,LMG0103,2001,44,4/5/01,04,05,11:33:35,94.48165,-67.3555,-67.8192,0,1,65,0.04,1,nd,1,N,nd,nd,nd,nd
penguin,LMG0103,2001,45,4/5/01,04,05,11:42:34,94.4879,-67.3812,-67.8137,0,2,90,0.22,3,nd,1,Y,nd,nd,nd,nd
penguin,LMG0103,2001,46,4/5/01,04,05,11:42:52,94.4881,-67.382,-67.814,0,1,90,0.16,3,nd,1,Y,nd,nd,nd,nd
penguin,LMG0103,2001,47,4/5/01,04,05,12:10:42,94.50743,-67.4635,-67.8227,0,1,0,0.27,10,nd,1,N,nd,nd,nd,nd
penguin,LMG0103,2001,48,4/5/01,04,05,12:14:18,94.50993,-67.4735,-67.831,0,12,25,0.05,4,nd,1,N,nd,nd,nd,nd
penguin,LMG0103,2001,49,4/5/01,04,05,12:14:43,94.51022,-67.4747,-67.832,0,1,90,1.2,5,nd,2,Y,nd,nd,nd,nd
penguin,LMG0103,2001,50,4/5/01,04,05,14:20:08,94.59731,-67.584,-67.9533,0,1,0,0.54,15,nd,1,N,nd,nd,nd,nd
penguin,LMG0103,2001,51,4/5/01,04,05,14:25:16,94.60088,-67.5977,-67.9668,0,1,0,0.27,8,nd,nd,N,nd,nd,nd,nd
penguin,LMG0103,2001,52,4/5/01,04,05,14:37:54,94.60965,-67.631,-68.0035,0,1,20,0.27,7,nd,nd,N,nd,nd,nd,nd
penguin,LMG0103,2001,53,4/5/01,04,05,15:10:44,94.63245,-67.6753,-68.0637,0,1,90,0.16,4,nd,1,N,nd,nd,nd,nd
penguin,LMG0103,2001,54,4/5/01,04,05,17:41:30,94.73715,-67.785,-68.1647,0,1,30,0.16,1,nd,1,Y,nd,nd,nd,nd
penguin,LMG0103,2001,55,4/5/01,04,05,18:44:57,94.78122,-67.834,-67.716,0,1,20,0.11,1,nd,1,N,nd,nd,nd,nd
penguin,LMG0103,2001,56,4/5/01,04,05,18:54:03,94.78753,-67.8405,-67.6608,0,1,10,0.16,2,nd,1,N,nd,nd,nd,nd
penguin,LMG0103,2001,57,4/5/01,04,05,18:57:09,94.78969,-67.8495,-67.6612,0,1,5,0.11,1,nd,1,N,nd,nd,nd,nd
penguin,LMG0103,2001,58,4/5/01,04,05,19:51:32,94.82745,-67.9833,-67.6445,0,18,180,0.01,1,nd,1,N,nd,nd,nd,nd
penguin,LMG0103,2001,59,4/6/01,04,06,16:24:51,95.68392,-68.3258,-67.9338,0,1,75,0.04,1,nd,1,N,nd,nd,nd,nd
penguin,LMG0103,2001,60,4/6/01,04,06,18:38:42,95.77688,-68.2595,-68.783,0,1,85,0.02,1,nd,1,N,nd,nd,nd,nd
penguin,LMG0103,2001,61,4/6/01,04,06,18:51:48,95.78597,-68.2498,-68.8787,0,1,1,0.01,1,nd,1,N,nd,nd,nd,nd
penguin,LMG0103,2001,62,4/6/01,04,06,18:55:32,95.78856,-68.247,-68.9058,0,0,10,0.11,1,nd,1,N,nd,nd,nd,nd
penguin,LMG0103,2001,63,4/6/01,04,06,19:21:36,95.80667,-68.2285,-69.0992,0,1,20,0.05,1,nd,nd,N,nd,nd,nd,nd
penguin,LMG0103,2001,64,4/6/01,04,06,19:23:54,95.80826,-68.2267,-69.1167,0,1,60,0.05,1,nd,1,N,nd,nd,nd,nd
penguin,LMG0103,2001,65,4/6/01,04,06,19:42:54,95.82146,-68.1788,-69.1658,0,1,25,0.04,3,nd,1,N,nd,nd,nd,nd
penguin,LMG0103,2001,66,4/6/01,04,06,19:47:51,95.8249,-68.165,-69.1737,0,1,357,1,1,nd,1,N,nd,nd,nd,nd
penguin,LMG0103,2001,67,4/6/01,04,06,19:58:25,95.83224,-68.1362,-69.1927,0,1,45,0.04,1,nd,1,N,nd,nd,nd,nd
penguin,LMG0103,2001,68,4/6/01,04,06,20:11:52,95.84158,-68.1003,-69.2203,0,1,0,0.03,1,nd,1,N,nd,nd,nd,nd
penguin,LMG0103,2001,69,4/6/01,04,06,21:13:14,95.88419,-67.9358,-69.331,0,1,5,0.01,1,nd,1,N,nd,nd,nd,nd
penguin,LMG0103,2001,70,4/6/01,04,06,21:38:04,95.90144,-67.8677,-69.3765,0,1,28,0.04,3,nd,1,N,nd,nd,nd,nd
penguin,LMG0201A,2002,1,2/10/02,02,10,8:12:40,40.34213,-63.7355,-61.4807,0,6,90,0.03,1,nd,1,N,nd,nd,nd,nd
penguin,LMG0201A,2002,2,2/10/02,02,10,8:22:13,40.34876,-63.764,-61.4797,0,6,90,0.08,1,nd,1,N,nd,nd,nd,nd
penguin,LMG0201A,2002,3,2/10/02,02,10,8:56:55,40.37286,-63.8622,-61.521,0,24,270,0.02,8,nd,1,N,nd,nd,nd,nd
penguin,LMG0201A,2002,4,2/10/02,02,10,11:37:58,40.4847,-64.2625,-61.9127,0,1,90,0.41,4,nd,1,Y,nd,nd,nd,nd
penguin,LMG0201A,2002,5,2/10/02,02,10,12:17:00,40.51181,-64.3462,-62.0367,0,1,270,0.02,2,nd,1,N,nd,nd,nd,nd
penguin,LMG0201A,2002,6,2/10/02,02,10,12:17:23,40.51207,-64.347,-62.038,0,1,270,0.08,1,nd,1,N,nd,nd,nd,nd
penguin,LMG0201A,2002,7,2/10/02,02,10,14:52:58,40.62012,-64.6022,-62.7688,0,24,90,0.02,8,nd,1,N,nd,nd,nd,nd
penguin,LMG0201A,2002,8,2/10/02,02,10,16:53:21,40.70372,-64.7767,-63.3817,0,2,90,0.27,1,nd,1,Y,nd,nd,nd,nd
penguin,LMG0201A,2002,9,2/10/02,02,10,17:03:16,40.7106,-64.7807,-63.421,0,2,270,0.05,2,nd,1,Y,nd,nd,nd,nd
penguin,LMG0201A,2002,10,2/13/02,02,13,12:20:26,43.51419,-66.8832,-69.8948,0,6,270,0.01,1,nd,1,N,nd,nd,nd,nd
penguin,LMG0201A,2002,11,2/13/02,02,13,15:36:26,43.6503,-66.8657,-70.0913,0,1,270,0.01,2,nd,1,N,nd,nd,nd,nd
penguin,LMG0201A,2002,12,2/13/02,02,13,22:42:41,43.94631,-66.904,-71.0077,0,1,270,0.01,8,nd,1,N,nd,nd,nd,nd
penguin,LMG0201A,2002,13,2/14/02,02,14,12:47:42,44.53312,-68.206,-70.8457,0,2,270,0.27,1,nd,1,Y,nd,nd,nd,nd
penguin,LMG0201A,2002,14,2/14/02,02,14,12:59:00,44.54097,-68.224,-70.8957,0,2,90,0.27,1,nd,1,Y,nd,nd,nd,nd
penguin,LMG0201A,2002,15,2/14/02,02,14,13:03:48,44.54431,-68.2305,-70.9162,0,2,90,0.16,1,nd,1,Y,nd,nd,nd,nd
penguin,LMG0201A,2002,16,2/14/02,02,14,13:05:22,44.5454,-68.2323,-70.9237,0,2,90,0.22,1,nd,1,Y,nd,nd,nd,nd
penguin,LMG0201A,2002,17,2/14/02,02,14,13:13:22,44.55095,-68.2438,-70.9605,0,2,270,0.16,3,nd,1,Y,nd,nd,nd,nd
penguin,LMG0201A,2002,18,2/14/02,02,14,21:40:53,44.90339,-68.0715,-70.4538,0,0,270,0.54,1,nd,1,Y,nd,nd,nd,nd
penguin,LMG0201A,2002,19,2/14/02,02,14,21:41:59,44.90415,-68.0705,-70.4478,0,4,90,0.27,1,nd,1,Y,nd,nd,nd,nd
penguin,LMG0201A,2002,20,2/16/02,02,16,11:46:35,46.49068,-65.881,-70.95,0,1,30,0.01,1,nd,1,N,nd,nd,nd,nd
penguin,LMG0201A,2002,21,2/17/02,02,17,11:58:44,47.49912,-64.1483,-67.4907,0,1,8,0.07,2,nd,1,N,nd,nd,nd,nd
penguin,LMG0201A,2002,22,2/17/02,02,17,14:11:57,47.59163,-64.4722,-67.8533,0,24,0,0.02,10,nd,1,N,nd,nd,nd,nd
penguin,LMG0201A,2002,23,2/17/02,02,17,16:50:27,47.7017,-64.8813,-68.3213,0,24,70,0.02,6,nd,1,N,nd,nd,nd,nd
penguin,LMG0201A,2002,24,2/17/02,02,17,16:51:18,47.70229,-64.8837,-68.3238,0,24,270,0.03,10,nd,1,N,nd,nd,nd,nd
penguin,LMG0201A,2002,25,2/18/02,02,18,11:25:39,48.47615,-67.6313,-71.0165,0,1,352,0.16,2,nd,1,N,nd,nd,nd,nd
penguin,LMG0201A,2002,26,2/18/02,02,18,13:27:40,48.56088,-67.8208,-70.3393,0,1,295,0.02,1,nd,1,N,nd,nd,nd,nd
penguin,LMG0201A,2002,27,2/18/02,02,18,13:43:06,48.5716,-67.8467,-70.2545,0,1,330,1,3,nd,1,N,nd,nd,nd,nd
penguin,LMG0201A,2002,28,2/18/02,02,18,23:59:08,48.9994,-68.1143,-69.5078,0,1,0,1,1,nd,1,N,nd,nd,nd,nd
penguin,LMG0201A,2002,29,2/19/02,02,19,1:24:51,49.05892,-68.2972,-69.8845,0,2,270,0.05,1,nd,1,Y,nd,nd,nd,nd
penguin,LMG0201A,2002,30,2/19/02,02,19,21:26:44,49.89356,-67.7623,-68.2992,0,1,265,0.07,2,nd,1,N,nd,nd,nd,nd
penguin,LMG0201A,2002,31,2/19/02,02,19,21:38:48,49.90194,-67.7598,-68.2173,0,1,89,0.19,1,nd,1,N,nd,nd,nd,nd
penguin,LMG0201A,2002,32,2/20/02,02,20,0:49:07,50.03411,-67.6443,-67.0752,0,6,90,3,1,nd,2,Y,nd,nd,nd,nd
penguin,LMG0201A,2002,33,2/20/02,02,20,19:00:35,50.79207,-67.1562,-67.6443,0,12,270,0.11,2,nd,1,Y,nd,nd,nd,nd
penguin,LMG0201A,2002,34,2/20/02,02,20,19:18:52,50.80477,-67.1267,-67.7142,0,2,90,0.11,1,nd,1,Y,nd,nd,nd,nd
penguin,LMG0201A,2002,35,2/20/02,02,20,19:19:26,50.80516,-67.1253,-67.7143,0,1,270,0.16,2,nd,2,Y,nd,nd,nd,nd
penguin,LMG0201A,2002,36,2/20/02,02,20,19:27:26,50.81072,-67.1048,-67.7117,0,2,0,0.22,1,nd,1,Y,nd,nd,nd,nd
penguin,LMG0201A,2002,37,2/21/02,02,21,11:01:05,51.45908,-67.3153,-67.5725,0,2,90,0.16,1,nd,1,Y,nd,nd,nd,nd
penguin,LMG0201A,2002,38,2/21/02,02,21,11:09:43,51.46508,-67.297,-67.601,0,2,270,0.04,1,nd,1,Y,nd,nd,nd,nd
penguin,LMG0201A,2002,39,2/21/02,02,21,11:10:04,51.46533,-67.2968,-67.6025,0,12,90,0.02,3,nd,1,Y,nd,nd,nd,nd
penguin,LMG0201A,2002,40,2/20/02,02,20,23:59:25,50.9996,-67.113,-67.6963,0,2,270,0.24,2,nd,1,Y,nd,nd,nd,nd
penguin,LMG0201A,2002,41,2/21/02,02,21,0:13:58,51.0097,-67.1477,-67.6552,0,1,270,0.05,1,nd,1,N,nd,nd,nd,nd
penguin,LMG0201A,2002,42,2/21/02,02,21,0:23:18,51.01618,-67.1657,-67.6467,0,4,280,1,1,nd,1,Y,nd,nd,nd,nd
penguin,LMG0201A,2002,43,2/22/02,02,22,14:22:39,52.59906,-68.1088,-70.2655,0,6,90,0.16,0,nd,1,nd,nd,nd,nd,nd
penguin,LMG0201A,2002,44,2/22/02,02,22,18:51:38,52.78585,-68.263,-70.5895,0,1,270,1.2,1,nd,1,N,nd,nd,nd,nd
penguin,LMG0201A,2002,45,2/23/02,02,23,0:05:18,53.00368,-68.3268,-70.0592,0,0,90,1.5,3,nd,2,Y,nd,nd,nd,nd
penguin,LMG0201A,2002,46,2/23/02,02,23,0:08:48,53.00611,-68.3363,-70.0503,0,2,80,0.05,1,nd,1,N,nd,nd,nd,nd
penguin,LMG0201A,2002,47,2/23/02,02,23,0:09:20,53.00648,-68.3377,-70.049,0,0,30,0.5,2,nd,2,N,nd,nd,nd,nd
penguin,LMG0201A,2002,48,2/24/02,02,24,17:17:26,54.72044,-66.0393,-65.7232,0,2,350,0.22,9,nd,1,Y,nd,nd,nd,nd
penguin,LMG0201A,2002,49,2/24/02,02,24,17:18:11,54.72096,-66.0397,-65.7183,0,2,80,1,7,nd,1,Y,nd,nd,nd,nd
penguin,LMG0201A,2002,50,2/24/02,02,24,17:36:19,54.73356,-66.0343,-65.6202,0,12,90,0.5,4,nd,1,Y,nd,nd,nd,nd
penguin,LMG0201A,2002,51,2/24/02,02,24,17:42:18,54.73771,-66.0273,-65.5988,0,2,0,0.1,2,nd,1,N,nd,nd,nd,nd
penguin,LMG0201A,2002,52,2/27/02,02,27,14:09:57,57.59024,-64.8637,-63.8092,0,21,90,0.43,1,nd,1,N,nd,nd,nd,nd
penguin,LMG0201A,2002,53,2/27/02,02,27,15:35:56,57.64995,-64.766,-63.3217,0,2,90,0.03,1,nd,1,Y,nd,nd,nd,nd
penguin,LMG0201A,2002,54,2/27/02,02,27,15:37:45,57.65122,-64.7613,-63.3137,0,2,90,0.02,1,nd,1,Y,nd,nd,nd,nd
penguin,LMG0201A,2002,55,2/27/02,02,27,15:40:48,57.65333,-64.7537,-63.2993,0,6,270,0.27,1,nd,1,Y,nd,nd,nd,nd
penguin,LMG0201A,2002,56,2/27/02,02,27,15:45:41,57.65672,-64.7432,-63.2753,0,2,270,0.8,2,nd,1,Y,nd,nd,nd,nd
penguin,LMG0201A,2002,57,2/27/02,02,27,16:23:49,57.68321,-64.6902,-63.0602,0,0,90,0.22,1,nd,1,N,nd,nd,nd,nd
penguin,LMG0201A,2002,58,2/27/02,02,27,17:41:05,57.73686,-64.5555,-62.6298,0,2,90,0.05,1,nd,1,Y,nd,nd,nd,nd
penguin,LMG0201A,2002,59,2/27/02,02,27,19:03:41,57.79422,-64.3965,-62.752,0,1,270,0.16,1,nd,1,N,nd,nd,nd,nd
penguin,LMG0201A,2002,60,2/27/02,02,27,19:39:09,57.81885,-64.2958,-62.737,0,1,90,0.11,10,nd,1,N,nd,nd,nd,nd
penguin,LMG0201A,2002,61,2/27/02,02,27,19:47:58,57.82498,-64.27,-62.7345,N,0,0,0,0,nd,nd,nd,nd,nd,nd,nd
penguin,LMG0201A,2002,62,2/27/02,02,27,19:57:56,57.8319,-64.241,-62.7353,0,24,90,0.11,12,nd,1,N,nd,nd,nd,nd
penguin,LMG0201A,2002,63,2/27/02,02,27,20:12:09,57.84177,-64.1987,-62.737,0,21,270,0.5,0,nd,nd,N,nd,nd,nd,nd
penguin,NBP0103,2001,1,4/28/01,04,28,18:43:31,117.78022,-64.8905,-64.711,0,24,10,0.03,1,nd,1,N,nd,nd,nd,nd
penguin,NBP0103,2001,2,4/28/01,04,28,18:47:26,117.78294,-64.8907,-64.739,0,24,350,0.03,1,nd,1,N,nd,nd,nd,nd
penguin,NBP0103,2001,3,4/28/01,04,28,18:59:29,117.79131,-64.8902,-64.826,0,24,20,0.03,4,nd,1,N,nd,nd,nd,nd
penguin,NBP0103,2001,4,4/28/01,04,28,19:04:56,117.79509,-64.89,-64.8647,0,24,315,0.03,1,nd,1,N,nd,nd,nd,nd
penguin,NBP0103,2001,5,4/28/01,04,28,19:14:35,117.80179,-64.8892,-64.9343,0,24,350,0.11,3,nd,2,N,nd,nd,nd,nd
penguin,NBP0103,2001,6,4/28/01,04,28,19:20:29,117.80589,-64.8888,-64.9762,0,24,350,0.14,2,nd,2,N,nd,nd,nd,nd
penguin,NBP0103,2001,7,4/28/01,04,28,20:05:41,117.83728,-64.8905,-65.3045,0,24,315,0.05,6,nd,1,N,nd,nd,nd,nd
penguin,NBP0103,2001,8,4/28/01,04,28,20:12:48,117.84222,-64.89,-65.356,0,24,0,0.16,3,nd,2,N,nd,nd,nd,nd
penguin,NBP0103,2001,9,4/28/01,04,28,20:14:52,117.84366,-64.8898,-65.3708,0,24,20,0.11,5,nd,1,N,nd,nd,nd,nd
penguin,NBP0103,2001,10,4/28/01,04,28,20:18:22,117.84609,-64.8897,-65.3962,0,24,0,0.11,6,nd,2,N,nd,nd,nd,nd
penguin,NBP0103,2001,11,4/28/01,04,28,20:30:43,117.85467,-64.8895,-65.4858,0,24,300,0.03,4,nd,1,N,nd,nd,nd,nd
penguin,NBP0103,2001,12,4/28/01,04,28,20:39:44,117.86092,-64.89,-65.5498,0,24,45,0.05,2,nd,1,N,nd,nd,nd,nd
penguin,NBP0103,2001,13,5/7/01,05,07,17:17:06,126.72021,-68.6032,-68.2803,0,24,290,0.32,2,nd,2,N,nd,nd,nd,nd
penguin,NBP0103,2001,14,5/7/01,05,07,18:11:05,126.75769,-68.5507,-68.4945,0,24,50,0.27,1,nd,2,N,nd,nd,nd,nd
penguin,NBP0103,2001,15,5/7/01,05,07,18:55:37,126.78862,-68.5043,-68.6663,0,24,330,0.11,1,nd,1,N,nd,nd,nd,nd
penguin,NBP0103,2001,16,5/7/01,05,07,19:03:24,126.79403,-68.4965,-68.6963,0,24,340,0.22,2,nd,2,N,nd,nd,nd,nd
penguin,NBP0103,2001,17,5/7/01,05,07,19:22:17,126.80714,-68.4782,-68.769,0,24,350,0.11,1,nd,2,N,nd,nd,nd,nd
penguin,NBP0103,2001,18,5/12/01,05,12,16:16:22,131.67803,-68.6735,-70.541,0,0,0,5,15,nd,1,N,nd,nd,nd,nd
penguin,NBP0103,2001,19,5/12/01,05,12,16:34:13,131.69043,-68.6863,-70.6045,0,0,270,0.11,6,nd,2,N,nd,nd,nd,nd
penguin,NBP0103,2001,20,5/12/01,05,12,16:34:35,131.69068,-68.6865,-70.6058,0,0,130,0.11,12,nd,2,N,nd,nd,nd,nd
penguin,NBP0103,2001,21,5/12/01,05,12,16:57:34,131.70665,-68.702,-70.6818,0,0,90,0.11,2,nd,1,N,nd,nd,nd,nd
penguin,NBP0103,2001,22,5/12/01,05,12,18:10:02,131.75697,-68.7407,-70.944,0,19,30,0.3,2,nd,2,N,nd,nd,nd,nd
penguin,NBP0103,2001,23,5/16/01,05,16,14:44:00,135.61389,-68.9085,-72.155,0,17,0,0.01,80,nd,1,N,nd,nd,nd,nd
penguin,NBP0103,2001,24,5/28/01,05,28,14:54:31,147.62119,-67.8955,-68.159,0,24,10,0.03,15,nd,1,N,nd,nd,nd,nd
penguin,NBP0104,2001,1,7/27/01,07,27,18:38:56,207.77703,-65.8628,-70.181,0,24,45,0.16,1,nd,1,N,nd,nd,nd,nd
penguin,NBP0104,2001,2,7/29/01,07,29,17:25:27,209.72601,-66.403,-69.8347,0,25,90,1,4,nd,3,N,nd,nd,nd,nd
penguin,NBP0104,2001,3,7/29/01,07,29,18:58:48,209.79083,-66.3192,-70.116,0,18,270,0.16,1,nd,1,Y,nd,nd,nd,nd
penguin,NBP0104,2001,4,8/1/01,08,01,13:48:30,212.57535,-67.4937,-69.5322,0,17,90,0.16,1,nd,1,Y,nd,nd,nd,nd
penguin,NBP0104,2001,5,8/1/01,08,01,13:52:26,212.57808,-67.4892,-69.5407,0,25,270,2,1,nd,2,Y,nd,nd,nd,nd
penguin,NBP0104,2001,6,8/1/01,08,01,14:05:14,212.58697,-67.47,-69.573,0,17,90,0.22,1,nd,1,N,nd,nd,nd,nd
penguin,NBP0104,2001,7,8/1/01,08,01,14:06:19,212.58772,-67.4683,-69.576,0,25,350,2,1,nd,2,N,nd,nd,nd,nd
penguin,NBP0104,2001,8,8/1/01,08,01,14:07:00,212.58819,-67.4672,-69.5778,0,17,130,0.5,1,nd,3,Y,nd,nd,nd,nd
penguin,NBP0104,2001,9,8/1/01,08,01,14:28:06,212.60285,-67.4357,-69.6305,0,25,320,4,1,nd,2,Y,nd,nd,nd,nd
penguin,NBP0104,2001,10,8/1/01,08,01,15:06:48,212.62972,-67.3868,-69.7188,0,17,50,1,2,nd,2,Y,nd,nd,nd,nd
penguin,NBP0104,2001,11,8/1/01,08,01,15:23:36,212.64139,-67.3655,-69.7547,0,18,90,1.25,1,nd,3,Y,nd,nd,nd,nd
penguin,NBP0104,2001,12,8/1/01,08,01,15:29:55,212.64578,-67.359,-69.7743,0,25,5,1,1,nd,1,N,nd,nd,nd,nd
penguin,NBP0104,2001,13,8/1/01,08,01,16:22:12,212.68208,-67.3005,-69.9342,0,17,300,0.7,1,nd,1,Y,nd,nd,nd,nd
penguin,NBP0104,2001,14,8/1/01,08,01,16:32:31,212.68925,-67.2853,-69.956,0,18,90,1.5,1,nd,3,Y,nd,nd,nd,nd
penguin,NBP0104,2001,15,8/1/01,08,01,16:54:55,212.70481,-67.258,-70.0185,0,17,315,0.3,8,nd,1,N,nd,nd,nd,nd
penguin,NBP0104,2001,16,8/1/01,08,01,17:09:25,212.71488,-67.2403,-70.059,0,17,90,1,2,nd,2,Y,nd,nd,nd,nd
penguin,NBP0104,2001,17,8/1/01,08,01,17:38:01,212.73474,-67.2068,-70.1392,0,25,90,3,1,nd,3,N,nd,nd,nd,nd
penguin,NBP0104,2001,18,8/2/01,08,02,13:21:59,213.55693,-66.7097,-71.7998,0,18,5,0.5,1,nd,1,Y,nd,nd,nd,nd
penguin,NBP0104,2001,19,8/5/01,08,05,18:21:32,216.76495,-68.037,-70.2127,0,25,270,2,1,nd,3,Y,nd,nd,nd,nd
penguin,NBP0104,2001,20,8/5/01,08,05,18:30:16,216.77102,-68.0455,-70.1978,0,25,270,2,2,nd,3,Y,nd,nd,nd,nd
penguin,NBP0104,2001,21,8/5/01,08,05,18:40:01,216.77779,-68.0582,-70.1828,0,17,90,1,2,nd,2,Y,nd,nd,nd,nd
penguin,NBP0104,2001,22,8/5/01,08,05,19:02:40,216.79352,-68.0827,-70.1287,0,17,270,0.75,6,nd,2,N,nd,nd,nd,nd
penguin,NBP0104,2001,23,8/5/01,08,05,19:03:01,216.79376,-68.0827,-70.1287,0,17,90,0.5,1,nd,2,Y,nd,nd,nd,nd
penguin,NBP0104,2001,24,8/5/01,08,05,19:08:07,216.79731,-68.0855,-70.1182,17,90,0.5,1,0,nd,2,Y,nd,nd,nd,nd
penguin,NBP0104,2001,25,8/5/01,08,05,19:16:05,216.80283,-68.0935,-70.0928,0,25,45,1,2,nd,2,Y,nd,nd,nd,nd
penguin,NBP0104,2001,26,8/5/01,08,05,19:22:37,216.80738,-68.1012,-70.0748,0,17,90,0.5,1,nd,1,Y,nd,nd,nd,nd
penguin,NBP0104,2001,27,8/5/01,08,05,19:35:35,216.81637,-68.1143,-70.0427,0,17,90,0.75,1,nd,2,Y,nd,nd,nd,nd
penguin,NBP0104,2001,28,8/5/01,08,05,19:49:04,216.82574,-68.1318,-70.0072,0,17,315,1,1,nd,2,Y,nd,nd,nd,nd
penguin,NBP0104,2001,29,8/6/01,08,06,14:19:59,217.59721,-68.5493,-68.4773,0,17,0,0.3,2,nd,2,N,nd,nd,nd,nd
penguin,NBP0104,2001,30,8/7/01,08,07,17:03:39,218.71087,-68.3005,-68.0725,0,17,90,0.27,2,nd,2,Y,nd,nd,nd,nd
penguin,NBP0104,2001,31,8/14/01,08,14,19:35:17,225.81617,-67.6277,-70.0782,0,17,270,2,1,nd,3,Y,nd,nd,nd,nd
penguin,NBP0104,2001,32,8/15/01,08,15,13:24:08,226.55842,-68.2343,-70.8977,17,270,0.16,1,0,nd,1,N,nd,nd,nd,nd
penguin,NBP0104,2001,33,8/15/01,08,15,19:52:17,226.82797,-68.418,-70.7083,0,17,270,0.2,30,nd,1,N,nd,nd,nd,nd
penguin,NBP0104,2001,34,8/20/01,08,20,18:52:38,231.78655,-68.8995,-74.6433,0,17,90,0,12,nd,1,N,nd,nd,nd,nd
penguin,NBP0104,2001,35,8/23/01,08,23,14:58:29,234.62394,-67.869,-74.2935,0,18,270,0.75,2,nd,2,Y,nd,nd,nd,nd
penguin,NBP0104,2001,36,8/27/01,08,27,21:14:43,238.88522,-64.6995,-63.0193,0,19,270,0.2,1,nd,1,Y,nd,nd,nd,nd
penguin,NBP0202,2002,1,4/15/02,04,15,12:42:24,104.52944,-66.288,-68.7698,0,1,20,0.03,1,nd,1,N,nd,nd,nd,nd
penguin,NBP0202,2002,2,4/15/02,04,15,16:45:49,104.69849,-66.4052,-68.3697,0,1,270,0.16,3,nd,1,N,nd,nd,nd,nd
penguin,NBP0202,2002,3,4/15/02,04,15,20:45:55,104.86522,-66.5478,-68.121,0,1,325,0.05,1,nd,1,N,nd,nd,nd,nd
penguin,NBP0202,2002,4,4/16/02,04,16,18:38:08,105.77648,-66.3603,-70.0637,0,1,0,0.01,1,nd,1,N,nd,nd,nd,nd
penguin,NBP0202,2002,5,4/18/02,04,18,14:26:37,107.60182,-66.9347,-69.5643,0,1,90,0.16,6,nd,1,N,nd,nd,nd,nd
penguin,NBP0202,2002,6,4/18/02,04,18,14:35:27,107.60795,-66.945,-69.5467,0,1,90,0.11,4,nd,1,N,nd,nd,nd,nd
penguin,NBP0202,2002,7,4/18/02,04,18,16:41:09,107.69524,-66.9715,-69.481,0,1,65,0.11,3,nd,1,N,nd,nd,nd,nd
penguin,NBP0202,2002,8,4/18/02,04,18,16:46:05,107.69867,-66.9758,-69.4652,0,1,0,0,2,nd,1,N,nd,nd,nd,nd
penguin,NBP0202,2002,9,4/18/02,04,18,17:55:37,107.74696,-67.0388,-69.2525,0,1,270,0,1,nd,1,N,nd,nd,nd,nd
penguin,NBP0202,2002,10,4/18/02,04,18,18:08:31,107.75592,-67.0483,-69.2097,0,1,90,0.02,1,nd,1,N,nd,nd,nd,nd
penguin,NBP0202,2002,11,4/18/02,04,18,18:10:51,107.75753,-67.0502,-69.2023,0,1,357,0.05,4,nd,1,N,nd,nd,nd,nd
penguin,NBP0202,2002,12,4/19/02,04,19,12:48:56,108.53398,-67.2003,-70.246,0,1,270,0.03,1,nd,1,N,nd,nd,nd,nd
penguin,NBP0202,2002,13,4/19/02,04,19,13:16:56,108.55342,-67.1827,-70.3268,0,1,350,0.08,1,nd,1,N,nd,nd,nd,nd
penguin,NBP0202,2002,14,4/19/02,04,19,13:24:59,108.55901,-67.1772,-70.3513,0,1,350,0.08,2,nd,1,N,nd,nd,nd,nd
penguin,NBP0202,2002,15,4/19/02,04,19,14:17:59,108.59582,-67.132,-70.4975,0,1,290,0.02,1,nd,1,N,nd,nd,nd,nd
penguin,NBP0202,2002,16,4/19/02,04,19,15:38:50,108.65197,-67.0663,-70.7138,0,1,30,0.24,2,nd,2,N,nd,nd,nd,nd
penguin,NBP0202,2002,17,4/19/02,04,19,17:24:10,108.72512,-67.037,-70.7983,18,0,0,0,0,nd,nd,N,nd,nd,nd,nd
penguin,NBP0202,2002,18,4/19/02,04,19,17:25:36,108.72611,-67.0358,-70.8023,0,1,40,0.16,6,nd,1,N,nd,nd,nd,nd
penguin,NBP0202,2002,19,4/19/02,04,19,17:31:14,108.73002,-67.0313,-70.8178,0,1,290,0.22,1,nd,2,N,nd,nd,nd,nd
penguin,NBP0202,2002,20,4/19/02,04,19,18:01:01,108.75071,-67.0082,-70.8987,0,1,330,0.02,5,nd,1,N,nd,nd,nd,nd
penguin,NBP0202,2002,21,4/19/02,04,19,18:47:27,108.78295,-66.9712,-71.0205,0,1,40,0.11,3,nd,1,N,nd,nd,nd,nd
penguin,NBP0202,2002,22,4/19/02,04,19,18:54:39,108.78795,-66.9653,-71.0392,0,1,0,0.01,1,nd,1,N,nd,nd,nd,nd
penguin,NBP0202,2002,23,4/19/02,04,19,19:03:08,108.79384,-66.9582,-71.0613,0,1,210,0.05,1,nd,1,N,nd,nd,nd,nd
penguin,NBP0202,2002,24,4/19/02,04,19,19:09:12,108.79806,-66.953,-71.078,0,1,300,0.02,1,nd,1,N,nd,nd,nd,nd
penguin,NBP0202,2002,25,4/19/02,04,19,19:14:19,108.80161,-66.949,-71.0918,0,1,340,0.03,5,nd,1,N,nd,nd,nd,nd
penguin,NBP0202,2002,26,4/19/02,04,19,21:00:49,108.87557,-66.8652,-71.3812,0,1,330,0.02,1,nd,1,N,nd,nd,nd,nd
penguin,NBP0202,2002,27,4/20/02,04,20,16:34:55,109.69092,-66.7163,-73.1717,18,0,0,0,0,nd,nd,nd,nd,nd,nd,nd
penguin,NBP0202,2002,28,4/22/02,04,22,13:30:59,111.56318,-67.594,-69.3878,0,1,90,0.05,1,nd,1,N,nd,nd,nd,nd
penguin,NBP0202,2002,29,4/22/02,04,22,13:50:35,111.57679,-67.619,-69.38,0,2,55,0.03,12,nd,1,N,nd,nd,nd,nd
penguin,NBP0202,2002,30,4/22/02,04,22,13:53:09,111.57858,-67.6222,-69.3798,0,2,90,0.14,12,nd,1,N,nd,nd,nd,nd
penguin,NBP0202,2002,31,4/22/02,04,22,13:53:39,111.57892,-67.6227,-69.3798,0,1,0,0.22,3,nd,1,N,nd,nd,nd,nd
penguin,NBP0202,2002,32,4/22/02,04,22,14:11:29,111.59131,-67.6457,-69.3778,0,4,30,0.02,1,nd,1,N,nd,nd,nd,nd
penguin,NBP0202,2002,33,4/22/02,04,22,14:36:37,111.60876,-67.6787,-69.3782,0,2,90,0.04,1,nd,1,N,nd,nd,nd,nd
penguin,NBP0202,2002,34,4/22/02,04,22,18:18:35,111.7629,-67.8123,-69.2147,0,1,290,0.03,4,nd,1,N,nd,nd,nd,nd
penguin,NBP0202,2002,35,4/23/02,04,23,13:18:41,112.55464,-67.8655,-67.9312,0,1,90,0.81,2,nd,2,Y,nd,nd,nd,nd
penguin,NBP0202,2002,36,4/23/02,04,23,13:19:14,112.55502,-67.8655,-67.9292,0,2,90,0.54,1,nd,1,Y,nd,nd,nd,nd
penguin,NBP0202,2002,37,4/23/02,04,23,19:30:04,112.81255,-68.106,-68.066,0,1,90,1.08,2,nd,2,Y,nd,nd,nd,nd
penguin,NBP0202,2002,38,4/23/02,04,23,19:37:03,112.8174,-68.1148,-68.084,0,0,90,1.08,2,nd,2,Y,nd,nd,nd,nd
penguin,NBP0202,2002,39,4/24/02,04,24,12:49:53,113.53464,-68.5902,-68.3235,0,12,270,0.27,2,nd,2,Y,nd,nd,nd,nd
penguin,NBP0202,2002,40,4/24/02,04,24,13:17:44,113.55398,-68.5687,-68.4018,0,12,90,0.81,1,nd,3,Y,nd,nd,nd,nd
penguin,NBP0202,2002,41,4/25/02,04,25,18:21:45,114.7651,-67.7642,-71.2502,0,1,90,0.03,3,nd,1,N,nd,nd,nd,nd
penguin,NBP0202,2002,42,4/26/02,04,26,16:49:04,115.70074,-67.1343,-73.5018,0,1,20,0.02,1,nd,1,N,nd,nd,nd,nd
penguin,NBP0202,2002,43,4/27/02,04,27,18:45:48,116.78181,-67.7462,-72.9843,0,1,90,0.01,1,nd,1,N,nd,nd,nd,nd
penguin,NBP0202,2002,44,4/27/02,04,27,18:58:11,116.7904,-67.7598,-72.945,0,1,270,0.01,1,nd,1,N,nd,nd,nd,nd
penguin,NBP0202,2002,45,4/27/02,04,27,19:16:37,116.80321,-67.7788,-72.8835,0,1,100,0.11,1,nd,1,N,nd,nd,nd,nd
penguin,NBP0202,2002,46,4/27/02,04,27,19:22:14,116.8071,-67.7847,-72.8647,0,1,125,0.02,6,nd,1,N,nd,nd,nd,nd
penguin,NBP0202,2002,47,4/27/02,04,27,20:08:20,116.83912,-67.8285,-72.7068,0,1,80,0.01,1,nd,1,N,nd,nd,nd,nd
penguin,NBP0202,2002,48,4/27/02,04,27,20:50:43,116.86856,-67.8727,-72.5668,0,1,80,0.03,2,nd,1,N,nd,nd,nd,nd
penguin,NBP0202,2002,49,4/28/02,04,28,17:26:18,117.7266,-68.4813,-70.6298,0,1,100,0.05,4,nd,1,N,nd,nd,nd,nd
penguin,NBP0202,2002,50,4/29/02,04,29,17:17:54,118.72076,-68.9497,-69.035,0,4,280,4,1,nd,3,Y,nd,nd,nd,nd
penguin,NBP0202,2002,51,4/30/02,04,30,15:30:51,119.64642,-68.9535,-69.3795,0,5,90,1,1,nd,1,Y,nd,nd,nd,nd
penguin,NBP0202,2002,52,4/30/02,04,30,18:36:40,119.77547,-68.9038,-69.6432,0,5,350,0.27,1,nd,1,Y,nd,nd,nd,nd
penguin,NBP0202,2002,53,4/30/02,04,30,18:40:02,119.7778,-68.9035,-69.6543,0,2,20,0.11,2,nd,1,Y,nd,nd,nd,nd
penguin,NBP0202,2002,54,4/30/02,04,30,18:52:39,119.78656,-68.901,-69.696,0,2,5,0.04,2,nd,1,Y,nd,nd,nd,nd
penguin,NBP0202,2002,55,4/30/02,04,30,18:56:17,119.78908,-68.8995,-69.7082,0,5,20,0.27,1,nd,1,Y,nd,nd,nd,nd
penguin,NBP0202,2002,56,4/30/02,04,30,19:22:53,119.80756,-68.8907,-69.7917,0,2,350,0.22,2,nd,1,Y,nd,nd,nd,nd
penguin,NBP0202,2002,57,4/30/02,04,30,19:27:43,119.81092,-68.8902,-69.8072,0,5,10,0.11,1,nd,1,Y,nd,nd,nd,nd
penguin,NBP0202,2002,58,5/1/02,05,01,13:53:13,120.57863,-68.7292,-71.0928,0,2,100,0.11,7,nd,1,Y,nd,nd,nd,nd
penguin,NBP0202,2002,59,5/1/02,05,01,14:00:51,120.58392,-68.7188,-71.0848,0,1,100,0.05,1,nd,1,Y,nd,nd,nd,nd
penguin,NBP0202,2002,60,5/1/02,05,01,14:01:38,120.58447,-68.7178,-71.084,0,2,110,0.11,1,nd,1,Y,nd,nd,nd,nd
penguin,NBP0202,2002,61,5/1/02,05,01,14:04:19,120.58633,-68.7143,-71.0813,0,2,330,0.08,14,nd,1,N,nd,nd,nd,nd
penguin,NBP0202,2002,62,5/1/02,05,01,14:15:44,120.59426,-68.6998,-71.0693,0,2,310,0.32,1,nd,1,Y,nd,nd,nd,nd
penguin,NBP0202,2002,63,5/1/02,05,01,14:37:46,120.60956,-68.6743,-71.0632,0,2,200,0.05,5,nd,1,N,nd,nd,nd,nd
penguin,NBP0202,2002,64,5/1/02,05,01,14:48:02,120.61669,-68.6717,-71.1013,0,2,20,0.11,2,nd,1,N,nd,nd,nd,nd
penguin,NBP0202,2002,65,5/1/02,05,01,18:25:47,120.7679,-68.5973,-71.5838,0,2,220,0.11,9,nd,1,N,nd,nd,nd,nd
penguin,NBP0202,2002,66,5/2/02,05,02,13:49:27,121.57601,-68.0543,-73.4597,0,1,280,0.02,2,nd,1,N,nd,nd,nd,nd
penguin,NBP0202,2002,67,5/2/02,05,02,13:54:31,121.57953,-68.0503,-73.4745,0,1,270,0.08,2,nd,1,N,nd,nd,nd,nd
penguin,NBP0202,2002,68,5/2/02,05,02,14:07:22,121.58845,-68.0397,-73.5103,0,1,20,0.03,3,nd,1,N,nd,nd,nd,nd
penguin,NBP0202,2002,69,5/2/02,05,02,14:16:43,121.59494,-68.0317,-73.5343,0,1,330,0.08,5,nd,1,N,nd,nd,nd,nd
penguin,NBP0202,2002,70,5/2/02,05,02,14:30:17,121.60436,-68.0193,-73.5658,0,1,320,0.11,1,nd,1,N,nd,nd,nd,nd
penguin,NBP0202,2002,71,5/2/02,05,02,14:54:23,121.6211,-67.9992,-73.628,0,1,280,0.27,1,nd,1,N,nd,nd,nd,nd
penguin,NBP0202,2002,72,5/2/02,05,02,15:16:27,121.63642,-67.982,-73.6897,0,1,310,0.02,1,nd,1,N,nd,nd,nd,nd
penguin,NBP0202,2002,73,5/2/02,05,02,15:23:54,121.6416,-67.9762,-73.7112,0,1,350,0.01,1,nd,1,N,nd,nd,nd,nd
penguin,NBP0202,2002,74,5/2/02,05,02,15:43:21,121.6551,-67.9612,-73.766,0,1,310,0.27,3,nd,2,N,nd,nd,nd,nd
penguin,NBP0202,2002,75,5/2/02,05,02,18:00:49,121.75057,-67.9175,-73.8878,0,1,260,0.22,1,nd,1,N,nd,nd,nd,nd
penguin,NBP0202,2002,76,5/2/02,05,02,18:25:58,121.76803,-67.8987,-73.9593,0,1,30,0.01,1,nd,1,N,nd,nd,nd,nd
penguin,NBP0202,2002,77,5/3/02,05,03,14:58:32,122.62398,-67.5848,-75.1965,0,1,250,0.01,3,nd,1,N,nd,nd,nd,nd
penguin,NBP0202,2002,78,5/3/02,05,03,18:06:27,122.75448,-67.82,-75.0633,0,1,130,0.32,1,nd,2,N,nd,nd,nd,nd
penguin,NBP0202,2002,79,5/4/02,05,04,18:28:03,123.76948,-68.5387,-73.4777,0,1,100,0.05,1,nd,1,nd,nd,nd,nd,nd
penguin,NBP0202,2002,80,5/4/02,05,04,19:44:10,123.82234,-68.5953,-73.248,0,1,75,0.05,2,nd,1,N,nd,nd,nd,nd
penguin,NBP0202,2002,81,5/5/02,05,05,20:08:38,124.83933,-69.113,-72.993,0,2,220,0.05,1,nd,1,N,nd,nd,nd,nd
penguin,NBP0202,2002,82,5/5/02,05,05,20:14:44,124.84356,-69.1085,-73.008,0,2,220,0.11,2,nd,1,N,nd,nd,nd,nd
penguin,NBP0202,2002,83,5/5/02,05,05,20:29:01,124.85349,-69.0977,-73.0337,0,2,50,0.43,2,nd,2,N,nd,nd,nd,nd
penguin,NBP0202,2002,84,5/6/02,05,06,13:55:06,125.57993,-68.5095,-74.9967,0,1,30,0.03,1,nd,1,nd,nd,nd,nd,nd
penguin,NBP0202,2002,85,5/6/02,05,06,16:00:38,125.6671,-68.4632,-75.1552,0,1,220,0.02,1,nd,1,N,nd,nd,nd,nd
penguin,NBP0202,2002,86,5/7/02,05,07,17:24:02,126.72502,-69.0137,-75,0,1,160,0.32,2,nd,2,Y,nd,nd,nd,nd
penguin,NBP0202,2002,87,5/7/02,05,07,17:24:44,126.72551,-69.0138,-75.001,0,2,160,0.27,2,nd,2,Y,nd,nd,nd,nd
penguin,NBP0202,2002,88,5/7/02,05,07,17:28:02,126.7278,-69.0143,-75.0055,0,1,320,0.27,3,nd,2,Y,nd,nd,nd,nd
penguin,NBP0202,2002,89,5/7/02,05,07,17:28:34,126.72817,-69.0145,-75.0062,0,2,330,0.22,1,nd,2,Y,nd,nd,nd,nd
penguin,NBP0202,2002,90,5/7/02,05,07,17:35:33,126.73302,-69.0157,-75.0163,0,1,330,0.16,1,nd,2,Y,nd,nd,nd,nd
penguin,NBP0202,2002,91,5/7/02,05,07,18:23:11,126.7661,-69.02,-75.0862,0,4,130,0.16,1,nd,1,Y,nd,nd,nd,nd
penguin,NBP0202,2002,92,5/7/02,05,07,18:39:17,126.77728,-69.026,-75.0495,0,1,30,0.03,1,nd,1,Y,nd,nd,nd,nd
penguin,NBP0202,2002,93,5/7/02,05,07,18:46:52,126.78255,-69.0258,-75.0263,0,4,190,0.22,3,nd,1,Y,nd,nd,nd,nd
penguin,NBP0202,2002,94,5/7/02,05,07,19:06:49,126.7964,-69.0225,-74.9763,0,2,190,0.32,1,nd,2,Y,nd,nd,nd,nd
penguin,NBP0202,2002,95,5/7/02,05,07,19:21:26,126.80655,-69.0167,-74.9285,0,1,200,0.02,1,nd,1,Y,nd,nd,nd,nd
penguin,NBP0202,2002,96,5/7/02,05,07,19:42:26,126.82113,-69.028,-74.8592,0,2,180,0.32,1,nd,2,Y,nd,nd,nd,nd
penguin,NBP0202,2002,97,5/7/02,05,07,19:42:53,126.82144,-69.0283,-74.8578,0,1,170,0.22,1,nd,2,Y,nd,nd,nd,nd
penguin,NBP0202,2002,98,5/7/02,05,07,19:45:18,126.82313,-69.03,-74.8508,0,4,230,0.16,1,nd,1,Y,nd,nd,nd,nd
penguin,NBP0202,2002,99,5/7/02,05,07,19:53:30,126.82882,-69.0357,-74.8265,0,2,40,0.03,1,nd,1,Y,nd,nd,nd,nd
penguin,NBP0202,2002,100,5/7/02,05,07,19:58:13,126.8321,-69.0393,-74.8122,0,2,40,0.27,1,nd,1,Y,nd,nd,nd,nd
penguin,NBP0202,2002,101,5/8/02,05,08,14:30:49,127.60474,-69.5292,-74.4258,0,2,270,0.05,4,nd,1,Y,nd,nd,nd,nd
penguin,NBP0202,2002,102,5/8/02,05,08,17:02:46,127.71026,-69.4465,-74.749,0,2,160,0.05,5,nd,1,N,nd,nd,nd,nd
penguin,NBP0202,2002,103,5/8/02,05,08,17:44:41,127.73936,-69.4833,-74.8173,0,2,100,0.07,4,nd,1,N,nd,nd,nd,nd
penguin,NBP0202,2002,104,5/9/02,05,09,13:49:32,128.57606,-68.8742,-76.8302,0,1,220,0.04,2,nd,1,Y,nd,nd,nd,nd
penguin,NBP0202,2002,105,5/9/02,05,09,13:56:04,128.5806,-68.8683,-76.8463,0,1,260,0.32,2,nd,2,Y,nd,nd,nd,nd
penguin,NBP0202,2002,106,5/9/02,05,09,13:56:47,128.5811,-68.8677,-76.8485,0,1,30,0.32,2,nd,2,Y,nd,nd,nd,nd
penguin,NBP0202,2002,107,5/9/02,05,09,14:20:59,128.5979,-68.8457,-76.9093,0,1,25,0.49,1,nd,3,Y,nd,nd,nd,nd
penguin,NBP0202,2002,108,5/9/02,05,09,14:21:56,128.59856,-68.8447,-76.912,0,1,260,0.38,1,nd,3,Y,nd,nd,nd,nd
penguin,NBP0202,2002,109,5/9/02,05,09,14:52:00,128.61944,-68.8193,-76.9918,0,1,220,0.16,2,nd,1,Y,nd,nd,nd,nd
penguin,NBP0202,2002,110,5/9/02,05,09,18:35:01,128.77432,-68.8618,-77.1238,0,2,140,0.02,5,nd,1,N,nd,nd,nd,nd
penguin,NBP0202,2002,111,5/9/02,05,09,19:01:41,128.79283,-68.8822,-77.1872,0,1,160,0.32,1,nd,2,Y,nd,nd,nd,nd
penguin,NBP0202,2002,112,5/10/02,05,10,17:20:36,129.72264,-69.5468,-76.2847,0,2,300,0.16,3,nd,1,Y,nd,nd,nd,nd
penguin,NBP0202,2002,113,5/10/02,05,10,18:24:40,129.76713,-69.5723,-76.332,0,2,10,0.08,3,nd,1,Y,nd,nd,nd,nd
penguin,NBP0202,2002,114,5/10/02,05,10,18:34:16,129.7738,-69.5683,-76.3393,0,2,250,0.16,8,nd,1,Y,nd,nd,nd,nd
penguin,NBP0202,2002,115,5/10/02,05,10,19:12:06,129.80007,-69.5312,-76.2342,0,2,350,0.22,2,nd,2,Y,nd,nd,nd,nd
penguin,NBP0202,2002,116,5/10/02,05,10,19:53:42,129.82896,-69.4825,-76.0665,0,2,350,0.27,2,nd,2,Y,nd,nd,nd,nd
penguin,NBP0202,2002,117,5/11/02,05,11,16:11:48,130.67486,-68.5583,-72.1792,0,2,300,0.11,6,nd,1,N,nd,nd,nd,nd
penguin,NBP0202,2002,118,5/11/02,05,11,16:21:29,130.68158,-68.5398,-72.1563,0,2,80,0.03,1,nd,1,N,nd,nd,nd,nd
penguin,NBP0202,2002,119,5/11/02,05,11,16:40:54,130.69507,-68.5055,-72.1068,0,2,110,0.27,1,nd,2,Y,nd,nd,nd,nd
penguin,NBP0202,2002,120,5/11/02,05,11,16:47:03,130.69934,-68.494,-72.093,0,2,310,0.16,1,nd,1,Y,nd,nd,nd,nd
penguin,NBP0202,2002,121,5/11/02,05,11,17:27:25,130.72737,-68.42,-71.9873,0,7,310,0.22,1,nd,2,Y,nd,nd,nd,nd
penguin,NBP0202,2002,122,5/11/02,05,11,17:57:29,130.74825,-68.3753,-71.9195,0,2,330,0.05,1,nd,1,Y,nd,nd,nd,nd
penguin,NBP0202,2002,123,5/11/02,05,11,18:18:05,130.76256,-68.3457,-71.8888,0,7,280,0.04,1,nd,1,N,nd,nd,nd,nd
penguin,NBP0202,2002,124,5/11/02,05,11,18:54:55,130.78814,-68.283,-71.8597,0,2,280,0.05,6,nd,1,Y,nd,nd,nd,nd
penguin,NBP0202,2002,125,5/11/02,05,11,19:09:54,130.79854,-68.2627,-71.8572,0,2,40,0.05,4,nd,1,N,nd,nd,nd,nd
penguin,NBP0202,2002,126,5/11/02,05,11,19:10:43,130.79911,-68.2612,-71.8553,0,2,30,0.08,1,nd,1,Y,nd,nd,nd,nd
penguin,NBP0202,2002,127,5/11/02,05,11,19:18:26,130.80447,-68.2478,-71.8352,0,2,300,0.11,6,nd,1,N,nd,nd,nd,nd
penguin,NBP0202,2002,128,5/11/02,05,11,19:31:51,130.81378,-68.2235,-71.8013,0,2,340,0.05,7,nd,1,N,nd,nd,nd,nd
penguin,NBP0202,2002,129,5/11/02,05,11,19:34:06,130.81535,-68.2193,-71.7975,0,5,300,0.08,1,nd,1,Y,nd,nd,nd,nd
penguin,NBP0202,2002,130,5/11/02,05,11,19:34:36,130.81569,-68.2185,-71.7968,0,2,120,0.19,1,nd,1,Y,nd,nd,nd,nd
penguin,NBP0202,2002,131,5/11/02,05,11,19:38:22,130.81831,-68.2115,-71.7913,0,12,340,0.02,1,nd,1,Y,nd,nd,nd,nd
penguin,NBP0202,2002,132,5/11/02,05,11,19:40:58,130.82012,-68.2072,-71.7887,0,5,50,0.02,1,nd,1,Y,nd,nd,nd,nd
penguin,NBP0202,2002,133,5/11/02,05,11,19:42:55,130.82147,-68.2037,-71.7903,0,2,320,0.02,1,nd,1,Y,nd,nd,nd,nd
penguin,NBP0202,2002,134,5/11/02,05,11,19:43:46,130.82206,-68.2023,-71.791,0,5,290,0.04,1,nd,1,N,nd,nd,nd,nd
penguin,NBP0202,2002,135,5/11/02,05,11,19:52:01,130.82779,-68.186,-71.7815,0,2,330,0.16,1,nd,1,Y,nd,nd,nd,nd
penguin,NBP0202,2002,136,5/11/02,05,11,19:57:02,130.83127,-68.1765,-71.7717,0,2,330,0.27,1,nd,2,Y,nd,nd,nd,nd
penguin,NBP0202,2002,137,5/12/02,05,12,13:51:17,131.57728,-68.1847,-69.9497,0,2,220,0.08,1,nd,1,Y,nd,nd,nd,nd
penguin,NBP0202,2002,138,5/12/02,05,12,13:53:18,131.57868,-68.1863,-69.9437,0,1,190,1,1,nd,1,Y,nd,nd,nd,nd
penguin,NBP0202,2002,139,5/12/02,05,12,13:58:04,131.58199,-68.1902,-69.9292,0,1,50,0.04,1,nd,1,Y,nd,nd,nd,nd
penguin,NBP0202,2002,140,5/12/02,05,12,13:59:21,131.58288,-68.1912,-69.9252,0,1,50,0.19,1,nd,1,Y,nd,nd,nd,nd
penguin,NBP0202,2002,141,5/12/02,05,12,14:25:20,131.60092,-68.2123,-69.846,0,5,220,0.02,1,nd,1,Y,nd,nd,nd,nd
penguin,NBP0202,2002,142,5/12/02,05,12,14:40:48,131.61167,-68.2238,-69.7997,0,2,30,0.11,4,nd,1,Y,nd,nd,nd,nd
penguin,NBP0202,2002,143,5/12/02,05,12,14:41:13,131.61196,-68.224,-69.7985,0,2,30,0.03,2,nd,1,N,nd,nd,nd,nd
penguin,NBP0202,2002,144,5/12/02,05,12,14:43:29,131.61353,-68.2258,-69.7913,0,2,40,0.03,5,nd,1,N,nd,nd,nd,nd
penguin,NBP0202,2002,145,5/12/02,05,12,14:45:53,131.61519,-68.2277,-69.784,0,2,40,0.05,2,nd,1,Y,nd,nd,nd,nd
penguin,NBP0202,2002,146,5/12/02,05,12,14:48:33,131.61705,-68.2293,-69.7755,0,1,200,0.14,4,nd,1,Y,nd,nd,nd,nd
penguin,NBP0202,2002,147,5/12/02,05,12,14:56:18,131.62243,-68.2343,-69.7515,0,1,210,0.27,3,nd,1,Y,nd,nd,nd,nd
penguin,NBP0202,2002,148,5/12/02,05,12,15:00:14,131.62516,-68.2372,-69.7398,0,1,60,0.19,1,nd,1,N,nd,nd,nd,nd
penguin,NBP0202,2002,149,5/12/02,05,12,15:05:30,131.62882,-68.2407,-69.724,0,1,200,0.22,1,nd,1,Y,nd,nd,nd,nd
penguin,NBP0202,2002,150,5/12/02,05,12,15:21:39,131.64003,-68.2517,-69.6745,0,2,170,0.05,1,nd,1,Y,nd,nd,nd,nd
penguin,NBP0202,2002,151,5/12/02,05,12,15:41:25,131.65376,-68.2652,-69.6148,0,1,40,0.05,1,nd,1,Y,nd,nd,nd,nd
penguin,NBP0202,2002,152,5/12/02,05,12,15:41:51,131.65406,-68.2655,-69.6135,0,2,200,0.05,1,nd,1,Y,nd,nd,nd,nd
penguin,NBP0202,2002,153,5/12/02,05,12,15:42:51,131.65476,-68.266,-69.611,0,1,40,0.19,1,nd,1,Y,nd,nd,nd,nd
penguin,NBP0202,2002,154,5/12/02,05,12,15:44:07,131.65564,-68.2668,-69.6075,0,1,60,0.27,13,nd,2,Y,nd,nd,nd,nd
penguin,NBP0202,2002,155,5/12/02,05,12,15:44:44,131.65606,-68.2673,-69.6058,0,2,50,0.22,3,nd,2,Y,nd,nd,nd,nd
penguin,NBP0202,2002,156,5/12/02,05,12,15:46:14,131.6571,-68.2683,-69.6017,0,2,190,0.27,1,nd,1,Y,nd,nd,nd,nd
penguin,NBP0202,2002,157,5/12/02,05,12,15:49:50,131.6596,-68.2707,-69.593,0,1,110,0.03,1,nd,1,N,nd,nd,nd,nd
penguin,NBP0202,2002,158,5/12/02,05,12,15:50:52,131.66033,-68.271,-69.5913,0,2,220,0.22,2,nd,1,Y,nd,nd,nd,nd
penguin,NBP0202,2002,159,5/12/02,05,12,17:11:28,131.7163,-68.278,-69.2688,0,1,20,0.16,1,nd,1,Y,nd,nd,nd,nd
penguin,NBP0202,2002,160,5/12/02,05,12,17:25:20,131.72592,-68.2798,-69.2,0,1,180,0.03,1,nd,1,Y,nd,nd,nd,nd
penguin,NBP0202,2002,161,5/12/02,05,12,17:36:53,131.73394,-68.2757,-69.1415,0,2,10,0.38,3,nd,2,Y,nd,nd,nd,nd
penguin,NBP0202,2002,162,5/12/02,05,12,17:56:18,131.74743,-68.2698,-69.044,0,1,340,0.16,1,nd,1,Y,nd,nd,nd,nd
penguin,NBP0202,2002,163,5/12/02,05,12,17:58:31,131.74897,-68.2692,-69.0332,0,2,330,0.54,9,nd,3,Y,nd,nd,nd,nd
penguin,NBP0202,2002,164,5/12/02,05,12,18:01:09,131.7508,-68.2685,-69.0238,0,1,330,0.49,1,nd,3,Y,nd,nd,nd,nd
penguin,NBP0202,2002,165,5/12/02,05,12,18:10:14,131.7571,-68.2642,-68.9953,0,2,120,0.08,1,nd,1,Y,nd,nd,nd,nd
penguin,NBP0202,2002,166,5/13/02,05,13,14:31:47,132.6054,-67.3415,-71.1347,0,4,160,0.22,1,nd,1,Y,nd,nd,nd,nd
penguin,NBP0202,2002,167,5/13/02,05,13,14:38:32,132.61009,-67.3397,-71.1038,0,4,60,0.11,2,nd,1,Y,nd,nd,nd,nd
penguin,NBP0202,2002,168,5/13/02,05,13,14:45:39,132.61503,-67.3388,-71.0665,0,4,40,0.24,1,nd,1,Y,nd,nd,nd,nd
penguin,NBP0202,2002,169,5/13/02,05,13,14:57:04,132.62297,-67.3398,-71.0072,0,1,10,0.27,1,nd,2,Y,nd,nd,nd,nd
penguin,NBP0202,2002,170,5/13/02,05,13,15:53:23,132.66207,-67.3355,-70.6867,0,1,20,0.14,2,nd,1,Y,nd,nd,nd,nd
penguin,NBP0202,2002,171,5/13/02,05,13,16:51:58,132.70276,-67.3308,-70.3567,0,1,10,0.11,1,nd,1,N,nd,nd,nd,nd
penguin,NBP0202,2002,172,5/14/02,05,14,16:41:18,133.69535,-66.6035,-69.2557,0,1,100,0.02,2,nd,1,Y,nd,nd,nd,nd
penguin,NBP0202,2002,173,5/14/02,05,14,16:56:58,133.70623,-66.614,-69.2107,0,1,200,0.22,2,nd,2,Y,nd,nd,nd,nd
penguin,NBP0202,2002,174,5/14/02,05,14,16:57:28,133.70658,-66.6143,-69.2093,0,1,190,0.16,2,nd,2,Y,nd,nd,nd,nd
penguin,NBP0202,2002,175,5/14/02,05,14,17:22:22,133.72387,-66.6348,-69.1438,0,1,40,0.11,1,nd,1,Y,nd,nd,nd,nd
penguin,NBP0202,2002,176,5/14/02,05,14,18:30:26,133.77113,-66.6843,-68.9537,0,1,80,0.27,3,nd,2,Y,nd,nd,nd,nd
penguin,NBP0202,2002,177,5/14/02,05,14,18:30:57,133.77149,-66.6847,-68.9522,0,4,40,0.16,1,nd,1,Y,nd,nd,nd,nd
penguin,NBP0202,2002,178,5/14/02,05,14,18:34:36,133.77403,-66.6863,-68.9447,0,4,160,0.11,1,nd,1,Y,nd,nd,nd,nd
penguin,NBP0202,2002,179,5/14/02,05,14,18:37:53,133.77631,-66.6872,-68.9405,0,1,20,0.27,1,nd,1,Y,nd,nd,nd,nd
penguin,NBP0202,2002,180,5/14/02,05,14,18:43:12,133.78,-66.6885,-68.93,0,4,110,0.16,2,nd,2,Y,nd,nd,nd,nd
penguin,NBP0202,2002,181,5/14/02,05,14,18:45:21,133.78149,-66.6885,-68.9248,0,2,90,0.22,2,nd,2,Y,nd,nd,nd,nd
penguin,NBP0202,2002,182,5/14/02,05,14,19:13:27,133.80101,-66.6587,-68.7925,0,1,160,0.04,1,nd,1,N,nd,nd,nd,nd
penguin,NBP0202,2002,183,5/14/02,05,14,19:19:37,133.80529,-66.653,-68.762,0,1,20,0.27,1,nd,2,Y,nd,nd,nd,nd
penguin,NBP0202,2002,184,5/14/02,05,14,19:24:41,133.80881,-66.644,-68.7427,0,1,330,0.27,1,nd,1,Y,nd,nd,nd,nd
penguin,NBP0202,2002,185,5/14/02,05,14,19:26:30,133.81007,-66.6412,-68.7393,0,1,320,0.27,3,nd,2,Y,nd,nd,nd,nd
penguin,NBP0202,2002,186,5/14/02,05,14,19:29:30,133.81215,-66.6363,-68.731,0,4,40,0.02,1,nd,1,Y,nd,nd,nd,nd
penguin,NBP0202,2002,187,5/14/02,05,14,19:47:03,133.82434,-66.6092,-68.6688,0,4,150,0.27,1,nd,2,Y,nd,nd,nd,nd
penguin,NBP0202,2002,188,5/15/02,05,15,14:02:40,134.58519,-66.5298,-67.1252,0,2,180,0.05,1,nd,1,Y,nd,nd,nd,nd
penguin,NBP0202,2002,189,5/17/02,05,17,13:29:04,136.56185,-64.9075,-63.3217,0,1,120,0.05,1,nd,1,Y,nd,nd,nd,nd
penguin,NBP0202,2002,190,5/17/02,05,17,13:51:12,136.57722,-64.8473,-63.2318,0,3,100,0.02,1,nd,1,N,nd,nd,nd,nd
penguin,NBP0202,2002,191,5/17/02,05,17,14:12:46,136.5922,-64.7875,-63.1502,0,12,300,0.03,1,nd,1,Y,nd,nd,nd,nd
penguin,NBP0202,2002,192,5/17/02,05,17,14:22:22,136.59887,-64.7617,-63.1123,0,1,300,0.03,1,nd,1,N,nd,nd,nd,nd
penguin,NBP0202,2002,193,5/17/02,05,17,14:27:27,136.6024,-64.7477,-63.0927,0,1,120,0.03,2,nd,1,N,nd,nd,nd,nd
penguin,NBP0202,2002,194,5/17/02,05,17,14:31:13,136.60501,-64.739,-63.0817,0,12,110,0.05,12,nd,1,N,nd,nd,nd,nd
penguin,NBP0202,2002,195,5/17/02,05,17,16:02:07,136.66814,-64.6243,-62.812,0,1,330,0.05,7,nd,1,N,nd,nd,nd,nd
penguin,NBP0202,2002,196,5/17/02,05,17,16:07:28,136.67185,-64.6158,-62.778,0,1,50,0.01,1,nd,1,Y,nd,nd,nd,nd
penguin,NBP0204,2002,1,8/4/02,08,04,12:56:13,215.53904,-64.5028,-62.3652,0,3,320,0,2,nd,1,Y,nd,nd,nd,nd
penguin,NBP0204,2002,2,8/4/02,08,04,13:24:55,215.55897,-64.5443,-62.5388,0,1,308,0,12,nd,2,Y,nd,nd,nd,nd
penguin,NBP0204,2002,3,8/4/02,08,04,13:29:08,215.5619,-64.5492,-62.5645,0,1,336,0,30,nd,1,Y,nd,nd,nd,nd
penguin,NBP0204,2002,4,8/4/02,08,04,15:32:14,215.64738,-64.7792,-63.1392,0,2,22,0,1,nd,1,Y,nd,nd,nd,nd
penguin,NBP0204,2002,5,8/4/02,08,04,16:08:49,215.67279,-64.8615,-63.2352,0,2,15,0,1,nd,1,Y,nd,nd,nd,nd
penguin,NBP0204,2002,6,8/4/02,08,04,16:59:07,215.70772,-64.9713,-63.4223,0,2,22,0,1,nd,1,Y,nd,nd,nd,nd
penguin,NBP0204,2002,7,8/5/02,08,05,16:49:18,216.7009,-66.524,-67.2553,0,2,16,0,3,nd,1,Y,nd,nd,nd,nd
penguin,NBP0204,2002,8,8/10/02,08,10,19:13:50,221.80127,-68.0612,-73.6322,0,2,352,0,1,nd,1,Y,nd,nd,nd,nd
penguin,NBP0204,2002,9,8/10/02,08,10,19:24:35,221.80874,-68.0487,-73.6595,0,0,320,0,0,nd,nd,Y,nd,nd,nd,nd
penguin,NBP0204,2002,10,8/10/02,08,10,19:44:42,221.82271,-68.0245,-73.7148,0,2,335,0,20,nd,1,Y,nd,nd,nd,nd
penguin,NBP0204,2002,11,8/11/02,08,11,13:31:26,222.56349,-68.7558,-76.061,0,2,270,0,2,nd,1,Y,nd,nd,nd,nd
penguin,NBP0204,2002,12,8/11/02,08,11,14:07:17,222.58839,-68.7582,-76.0302,0,2,62,0,4,nd,2,Y,nd,nd,nd,nd
penguin,NBP0204,2002,13,8/11/02,08,11,14:15:18,222.59396,-68.76,-76.027,0,2,310,0,1,nd,1,N,nd,nd,nd,nd
penguin,NBP0204,2002,14,8/13/02,08,13,17:22:22,224.72387,-69.035,-75.833,0,2,19,0,1,nd,2,Y,nd,nd,nd,nd
penguin,NBP0204,2002,15,8/13/02,08,13,17:26:53,224.727,-69.0345,-75.8528,0,2,0,0,3,nd,1,Y,nd,nd,nd,nd
penguin,NBP0204,2002,16,8/14/02,08,14,14:42:13,225.61265,-68.5855,-76.4583,0,2,315,0,1,nd,1,N,nd,nd,nd,nd
penguin,NBP0204,2002,17,8/14/02,08,14,19:53:13,225.82862,-68.4112,-76.1725,0,2,270,0,5,nd,1,N,nd,nd,nd,nd
penguin,NBP0204,2002,18,8/14/02,08,14,20:17:09,225.84524,-68.3912,-76.0927,0,2,90,0,2,nd,1,N,nd,nd,nd,nd
penguin,NBP0204,2002,19,8/20/02,08,20,16:35:19,231.69119,-67.2108,-72.4893,2,0,0,1,0,nd,nd,Y,nd,nd,nd,nd
penguin,NBP0204,2002,20,8/22/02,08,22,19:36:13,233.81682,-67.4555,-73.8093,0,2,336,0.65,16,nd,1,Y,nd,nd,nd,nd
penguin,NBP0204,2002,21,8/24/02,08,24,17:13:30,235.71771,-67.8317,-74.1552,0,2,270,0.76,2,nd,2,Y,nd,nd,nd,nd
penguin,NBP0204,2002,22,8/24/02,08,24,17:16:05,235.7195,-67.8345,-74.151,0,2,315,0.38,2,nd,1,Y,nd,nd,nd,nd
penguin,NBP0204,2002,23,8/24/02,08,24,17:19:16,235.72172,-67.8342,-74.1385,0,2,2,0.49,6,nd,1,Y,nd,nd,nd,nd
penguin,NBP0204,2002,24,8/24/02,08,24,17:31:10,235.72998,-67.8332,-74.0957,0,2,0,0.08,10,nd,1,N,nd,nd,nd,nd
penguin,NBP0204,2002,25,8/24/02,08,24,17:34:50,235.73252,-67.8328,-74.0795,0,2,336,0.81,31,nd,1,Y,nd,nd,nd,nd
penguin,NBP0204,2002,26,8/24/02,08,24,18:54:56,235.78815,-67.803,-73.7967,0,2,294,0.43,3,nd,1,Y,nd,nd,nd,nd
penguin,NBP0204,2002,27,8/24/02,08,24,19:01:25,235.79265,-67.8015,-73.7817,0,2,270,0.16,9,nd,1,Y,nd,nd,nd,nd
penguin,NBP0204,2002,28,8/24/02,08,24,19:25:23,235.80929,-67.7998,-73.7058,0,2,270,0.27,8,nd,1,Y,nd,nd,nd,nd
penguin,NBP0204,2002,29,8/24/02,08,24,19:30:21,235.81274,-67.7985,-73.6868,0,2,315,0.65,15,nd,1,Y,nd,nd,nd,nd
penguin,NBP0204,2002,30,8/25/02,08,25,13:06:25,236.54612,-67.999,-72.0605,0,2,0,0.32,2,nd,1,Y,nd,nd,nd,nd