Plant_Number,Petal_Character,Population,Num_FR,Sqrt_NumFR,Rank_Fruits,Num_PR,Num_PP,Perc_PR,Perc_FR,Num_flowers,wm,wf,Nfl stand to 1 V,L_column,X2_ L_column,Flower_size,w_sepals_dorsal,Lpostpetallobe,wpostpetallobe,lantpetallobe,front_lip_length,front_lip_lenght,Front_lip_width,midlobe_lenght,anther_cap_open,dist_b_w_sepals,ST_L _column,w_mf,ST_L_column2,Sqrt_Num_Fl0.5,Log_flower size,Arcsin_Perc_FR
40,L,2,0,0.707106781,100.5,5,12,0.294117647,0,17,2.319539803,0,1.328571317,24,576,77,33,44,31,32,19,41,14,9,11,52,-3.794916359,1.322051824,14.40139017,4.183300133,1.886490725,0
322,L,5,0,0.707106781,100.5,0,7,0,0,7,0,0,0.547058778,25,625,96,36,46,33,35,16,55,20,5,13,59,-3.577666739,0,12.7996993,2.738612788,1.982271233,0
278,L,4,4,2.121320344,381,0,7,0,0.571428571,7,0,2.470660902,0.547058778,29,841,69,28,46,27,28,12,43,13,6,13,56,-2.70866826,1.05764146,7.336883742,2.738612788,1.838849091,0.608245579
371,A,5,0,0.707106781,100.5,0,4,0,0,4,0,0,0.312605016,30,900,81,,,,,,,,,,,-2.49141864,0,6.20716684,2.121320344,1.908485019,0
217,L,4,4,2.121320344,381,2,22,0.083333333,0.166666667,24,0.927815921,2.470660902,1.875630094,33,1089,77,30,46,33,36,16,45,16,8,12,42,-1.839669781,1.586462189,3.384384902,4.949747468,1.886490725,0.167448079
207,L,4,0,0.707106781,100.5,2,11,0.153846154,0,13,0.927815921,0,1.015966301,34,1156,67,30,45,37,32,13,46,16,5,12,54,-1.622420161,0.52882073,2.632247178,3.674234614,1.826074803,0
124,A,3,0,0.707106781,100.5,0,6,0,0,6,0,0,0.468907524,34,1156,75,23,47,27,37,15,48,14,6,13,65,-1.622420161,0,2.632247178,2.549509757,1.875061263,0
228,A,4,0,0.707106781,100.5,0,28,0,0,28,0,0,2.18823511,35,1225,70,,,,,,,,,,,-1.405170541,0,1.974504249,5.338539126,1.84509804,0
257,L,4,2,1.58113883,308.5,1,19,0.05,0.1,20,0.463907961,1.235330451,1.563025079,35,1225,75,34,50,36,38,16,51,16,3,12,80,-1.405170541,0.793231095,1.974504249,4.527692569,1.875061263,0.100167421
168,L,3,0,0.707106781,100.5,2,17,0.105263158,0,19,0.927815921,0,1.484873825,35,1225,76,30,50,25,36,14,44,15,7,12,55,-1.405170541,0.52882073,1.974504249,4.415880433,1.880813592,0
83,L,2,1,1.224744871,240.5,5,11,0.3125,0.0625,16,2.319539803,0.617665225,1.250420063,35,1225,80,29,35,27,35,15,40,17,7,12,67,-1.405170541,1.586462189,1.974504249,4.062019202,1.903089987,0.062540762
50,L,2,3,1.870828693,353,6,9,0.4,0.2,15,2.783447764,1.852995676,1.172268809,35,1225,80,29,35,27,35,15,40,17,7,12,67,-1.405170541,2.379693284,1.974504249,3.937003937,1.903089987,0.201357921
201,L,4,0,0.707106781,100.5,0,11,0,0,11,0,0,0.859663793,35,1225,84,40,48,34,34,14,52,15,6,14,50,-1.405170541,0,1.974504249,3.391164992,1.924279286,0
329,L,5,0,0.707106781,100.5,2,8,0.2,0,10,0.927815921,0,0.781512539,35,1225,85,33,49,30,30,20,47,15,7,15,35,-1.405170541,0.52882073,1.974504249,3.240370349,1.929418926,0
337,L,4,3,1.870828693,353,3,15,0.166666667,0.166666667,18,1.391723882,1.852995676,1.406722571,35,1225,85,36,44,25,30,16,45,17,5,15,45,-1.405170541,1.586462189,1.974504249,4.301162634,1.929418926,0.167448079
401,L,6,0,0.707106781,100.5,2,17,0.105263158,0,19,0.927815921,0,1.484873825,35,1225,85,38,49,33,35,15,40,14,5,13,65,-1.405170541,0.52882073,1.974504249,4.415880433,1.929418926,0
200,A,4,1,1.224744871,240.5,2,44,0.043478261,0.02173913,46,0.927815921,0.617665225,3.594957681,35,1225,86,37,45,30,35,15,45,16,5,14,53,-1.405170541,0.793231095,1.974504249,6.819090848,1.934498451,0.021740843
32,L,2,0,0.707106781,100.5,2,24,0.076923077,0,26,0.927815921,0,2.031932602,36,1296,65,20,30,20,25,7,25,6,4,9,40,-1.187920921,0.52882073,1.411156115,5.14781507,1.812913357,0
52,L,1,0,0.707106781,100.5,2,16,0.111111111,0,18,0.927815921,0,1.406722571,36,1296,72,30,46,32,33,14,48,14,5,13,,-1.187920921,0.52882073,1.411156115,4.301162634,1.857332496,0
4,L,1,0,0.707106781,100.5,0,9,0,0,9,0,0,0.703361285,36,1296,77,35,39,32,30,14,45,15,7,12,44,-1.187920921,0,1.411156115,3.082207001,1.886490725,0
196,A,4,2,1.58113883,308.5,3,27,0.1,0.066666667,30,1.391723882,1.235330451,2.344537618,36,1296,80,32,39,26,31,15,41,12,3,12,45,-1.187920921,1.322051824,1.411156115,5.522680509,1.903089987,0.066716148
198,A,4,1,1.224744871,240.5,1,22,0.043478261,0.043478261,23,0.463907961,0.617665225,1.797478841,36,1296,80,34,40,29,29,15,39,13,4,13,66,-1.187920921,0.52882073,1.411156115,4.847679857,1.903089987,0.043491971
552,L,7,0,0.707106781,100.5,3,16,0.157894737,0,19,1.391723882,0,1.484873825,36,1296,83,31,53,25,35,20,47,16,5,13,60,-1.187920921,0.793231095,1.411156115,4.415880433,1.919078092,0
466,A,6,1,1.224744871,240.5,1,5,0.166666667,0.166666667,6,0.463907961,0.617665225,0.468907524,36,1296,84,35,50,32,39,18,37,11,8,12,63,-1.187920921,0.52882073,1.411156115,2.549509757,1.924279286,0.167448079
36,A,1,1,1.224744871,240.5,0,2,0,0.5,2,0,0.617665225,0.156302508,36,1296,87,34,52,19,35,14,52,16,8,15,59,-1.187920921,0.264410365,1.411156115,1.58113883,1.939519253,0.523598776
524,A,7,3,1.870828693,353,3,13,0.1875,0.1875,16,1.391723882,1.852995676,1.250420063,37,1369,64,24,42,23,27,15,40,14,6,12,65,-0.970671301,1.586462189,0.942202775,4.062019202,1.806179974,0.188616386
108,L,3,1,1.224744871,240.5,3,29,0.09375,0.03125,32,1.391723882,0.617665225,2.500840126,37,1369,76,32,41,30,30,15,43,15,6,14,46,-0.970671301,1.05764146,0.942202775,5.700877125,1.880813592,0.031255088
316,L,5,0,0.707106781,100.5,0,1,0,0,1,0,0,0.078151254,37,1369,76,32,41,30,30,17,48,15,8,13,36,-0.970671301,0,0.942202775,1.224744871,1.880813592,0
344,A,5,1,1.224744871,240.5,3,18,0.142857143,0.047619048,21,1.391723882,0.617665225,1.641176333,37,1369,78,36,42,26,27,16,44,17,5,13,36,-0.970671301,1.05764146,0.942202775,4.636809248,1.892094603,0.047637063
422,L,6,1,1.224744871,240.5,2,13,0.133333333,0.066666667,15,0.927815921,0.617665225,1.172268809,37,1369,79,,,,,,,,,,,-0.970671301,0.793231095,0.942202775,3.937003937,1.897627091,0.066716148
336,A,5,3,1.870828693,353,2,17,0.105263158,0.157894737,19,0.927815921,1.852995676,1.484873825,37,1369,81,35,50,27,37,17,44,16,5,13,50,-0.970671301,1.322051824,0.942202775,4.415880433,1.908485019,0.158558281
550,L,7,2,1.58113883,308.5,1,9,0.1,0.2,10,0.463907961,1.235330451,0.781512539,37,1369,81,35,44,30,38,16,47,15,6,13,65,-0.970671301,0.793231095,0.942202775,3.240370349,1.908485019,0.201357921
378,L,5,0,0.707106781,100.5,0,10,0,0,10,0,0,0.781512539,37,1369,81,39,50,32,36,16,50,16,6,13,65,-0.970671301,0,0.942202775,3.240370349,1.908485019,0
558,L,7,3,1.870828693,353,3,12,0.2,0.2,15,1.391723882,1.852995676,1.172268809,37,1369,82,31,51,25,26,17,43,14,4,12,50,-0.970671301,1.586462189,0.942202775,3.937003937,1.913813852,0.201357921
215,A,4,0,0.707106781,100.5,3,17,0.15,0,20,1.391723882,0,1.563025079,37,1369,82,40,52,39,42,15,51,17,6,12,75,-0.970671301,0.793231095,0.942202775,4.527692569,1.913813852,0
1,L,2,2,1.58113883,308.5,1,9,0.1,0.2,10,0.463907961,1.235330451,0.781512539,37,1369,83,33,59,35,40,15,50,15,6,16,84,-0.970671301,0.793231095,0.942202775,3.240370349,1.919078092,0.201357921
128,L,3,0,0.707106781,100.5,2,5,0.285714286,0,7,0.927815921,0,0.547058778,37,1369,88,30,47,29,32,17,47,15,5,14,60,-0.970671301,0.52882073,0.942202775,2.738612788,1.944482672,0
557,A,7,4,2.121320344,381,5,13,0.277777778,0.222222222,18,2.319539803,2.470660902,1.406722571,37,1369,88,42,46,30,26,20,49,16,4,14,71,-0.970671301,2.379693284,0.942202775,4.301162634,1.944482672,0.224093092
75,A,1,0,0.707106781,100.5,2,6,0.25,0,8,0.927815921,0,0.625210031,38,1444,70,31,46,27,33,14,45,16,7,14,65,-0.753421682,0.52882073,0.56764423,2.915475947,1.84509804,0
279,L,4,2,1.58113883,308.5,0,13,0,0.153846154,13,0,1.235330451,1.015966301,38,1444,70,32,45,39,36,15,50,17,,12,60,-0.753421682,0.52882073,0.56764423,3.674234614,1.84509804,0.154459598
210,A,4,1,1.224744871,240.5,2,23,0.08,0.04,25,0.927815921,0.617665225,1.953781348,38,1444,72,23,39,31,33,15,47,16,8,12,66,-0.753421682,0.793231095,0.56764423,5.049752469,1.857332496,0.040010674
4,L,2,0,0.707106781,100.5,3,15,0.166666667,0,18,1.391723882,0,1.406722571,38,1444,74,31,39,18,22,11,30,10,1,11,59,-0.753421682,0.793231095,0.56764423,4.301162634,1.86923172,0
24,L,1,0,0.707106781,100.5,3,13,0.1875,0,16,1.391723882,0,1.250420063,38,1444,75,24,40,35,27,16,48,14,8,14,62,-0.753421682,0.793231095,0.56764423,4.062019202,1.875061263,0
271,L,4,2,1.58113883,308.5,3,10,0.230769231,0.153846154,13,1.391723882,1.235330451,1.015966301,38,1444,77,28,57,32,37,17,51,16,5,12,60,-0.753421682,1.322051824,0.56764423,3.674234614,1.886490725,0.154459598
148,L,3,0,0.707106781,100.5,0,6,0,0,6,0,0,0.468907524,38,1444,81,32,47,26,30,10,47,17,5,12,56,-0.753421682,0,0.56764423,2.549509757,1.908485019,0
376,L,5,0,0.707106781,100.5,1,13,0.071428571,0,14,0.463907961,0,1.094117555,38,1444,82,34,47,26,33,15,42,15,7,14,75,-0.753421682,0.264410365,0.56764423,3.807886553,1.913813852,0
115,L,3,0,0.707106781,100.5,1,21,0.045454545,0,22,0.463907961,0,1.719327587,38,1444,85,36,45,32,33,14,40,17,5,13,71,-0.753421682,0.264410365,0.56764423,4.74341649,1.929418926,0
382,A,5,1,1.224744871,240.5,3,9,0.25,0.083333333,12,1.391723882,0.617665225,0.937815047,38,1444,89,29,42,29,33,13,40,16,9,12,50,-0.753421682,1.05764146,0.56764423,3.535533906,1.949390007,0.083430087
543,L,7,0,0.707106781,100.5,3,25,0.107142857,0,28,1.391723882,0,2.18823511,38,1444,89,35,51,28,31,22,44,15,4,13,53,-0.753421682,0.793231095,0.56764423,5.338539126,1.949390007,0
470,L,6,5,2.34520788,402.5,8,20,0.285714286,0.178571429,28,3.711263685,3.088326127,2.18823511,38,1444,90,35,50,30,34,16,49,16,,11,86,-0.753421682,3.437334744,0.56764423,5.338539126,1.954242509,0.179534351
566,A,7,9,3.082207001,434,9,25,0.264705882,0.264705882,34,4.175171646,5.558987029,2.657142634,38,1444,91,36,45,34,37,20,52,17,7,13,68,-0.753421682,4.759386568,0.56764423,5.873670062,1.959041392,0.267898912
119,A,3,0,0.707106781,100.5,0,2,0,0,2,0,0,0.156302508,39,1521,65,28,45,25,31,12,41,13,6,13,42,-0.536172062,0,0.28748048,1.58113883,1.812913357,0
3,A,1,4,2.121320344,381,1,30,0.032258065,0.129032258,31,0.463907961,2.470660902,2.422688872,39,1521,76,31,50,31,36,18,48,15,5,11,58,-0.536172062,1.322051824,0.28748048,5.61248608,1.880813592,0.129393018
29,A,2,5,2.34520788,402.5,10,33,0.23255814,0.11627907,43,4.639079607,3.088326127,3.360503919,39,1521,76,34,34,34,29,20,42,16,6,15,60,-0.536172062,3.966155473,0.28748048,6.595452979,1.880813592,0.116542708
163,L,3,2,1.58113883,308.5,6,19,0.24,0.08,25,2.783447764,1.235330451,1.953781348,39,1521,80,34,43,29,32,17,45,14,6,13,58,-0.536172062,2.115282919,0.28748048,5.049752469,1.903089987,0.08008558
231,L,4,6,2.549509757,417,2,17,0.105263158,0.315789474,19,0.927815921,3.705991353,1.484873825,39,1521,81,31,47,35,34,20,51,15,5,14,60,-0.536172062,2.115282919,0.28748048,4.415880433,1.908485019,0.321288589
39,L,1,9,3.082207001,434,4,18,0.181818182,0.409090909,22,1.855631843,5.558987029,1.719327587,39,1521,81,36,47,28,39,17,46,15,7,13,,-0.536172062,3.437334744,0.28748048,4.74341649,1.908485019,0.421457568
204,A,4,3,1.870828693,353,12,24,0.333333333,0.083333333,36,5.566895528,1.852995676,2.813445142,39,1521,81,37,56,32,37,15,55,13,7,13,75,-0.536172062,3.966155473,0.28748048,6.041522987,1.908485019,0.083430087
387,L,5,0,0.707106781,100.5,4,10,0.285714286,0,14,1.855631843,0,1.094117555,39,1521,82,37,58,34,32,15,43,16,7,14,80,-0.536172062,1.05764146,0.28748048,3.807886553,1.913813852,0
206,L,4,0,0.707106781,100.5,3,26,0.103448276,0,29,1.391723882,0,2.266386364,39,1521,83,30,39,29,34,11,42,16,6,14,37,-0.536172062,0.793231095,0.28748048,5.431390246,1.919078092,0
120,L,7,4,2.121320344,381,3,10,0.230769231,0.307692308,13,1.391723882,2.470660902,1.015966301,39,1521,91,40,45,39,36,22,59,19,6,12,75,-0.536172062,1.850872554,0.28748048,3.674234614,1.959041392,0.312766722
209,A,4,0,0.707106781,100.5,1,15,0.0625,0,16,0.463907961,0,1.250420063,40,1600,67,29,46,29,34,18,45,17,6,12,67,-0.318922442,0.264410365,0.101711524,4.062019202,1.826074803,0
268,L,4,3,1.870828693,353,1,16,0.058823529,0.176470588,17,0.463907961,1.852995676,1.328571317,40,1600,68,32,45,34,32,12,47,15,5,12,60,-0.318922442,1.05764146,0.101711524,4.183300133,1.832508913,0.177399604
23,L,2,1,1.224744871,240.5,0,29,0,0.034482759,29,0,0.617665225,2.266386364,40,1600,72,35,45,34,37,16,48,17,8,14,71,-0.318922442,0.264410365,0.101711524,5.431390246,1.857332496,0.034489596
21,L,1,1,1.224744871,240.5,1,18,0.052631579,0.052631579,19,0.463907961,0.617665225,1.484873825,40,1600,75,29,49,30,30,18,48,16,7,12,59,-0.318922442,0.52882073,0.101711524,4.415880433,1.875061263,0.052655908
205,A,4,0,0.707106781,100.5,1,24,0.04,0,25,0.463907961,0,1.953781348,40,1600,77,35,46,33,35,13,52,17,6,12,60,-0.318922442,0.264410365,0.101711524,5.049752469,1.886490725,0
48,L,1,4,2.121320344,381,1,18,0.052631579,0.210526316,19,0.463907961,2.470660902,1.484873825,40,1600,78,33,45,34,34,18,42,16,,12,62,-0.318922442,1.322051824,0.101711524,4.415880433,1.892094603,0.21211331
64,A,1,4,2.121320344,381,3,8,0.272727273,0.363636364,11,1.391723882,2.470660902,0.859663793,40,1600,80,30,45,24,25,13,44,13,7,12,60,-0.318922442,1.850872554,0.101711524,3.391164992,1.903089987,0.372168534
260,L,4,1,1.224744871,240.5,1,24,0.04,0.04,25,0.463907961,0.617665225,1.953781348,40,1600,80,32,49,29,32,15,51,15,8,13,60,-0.318922442,0.52882073,0.101711524,5.049752469,1.903089987,0.040010674
346,L,5,0,0.707106781,100.5,0,6,0,0,6,0,0,0.468907524,40,1600,80,40,50,30,34,19,,,,13,59,-0.318922442,0,0.101711524,2.549509757,1.903089987,0
320,L,5,0,0.707106781,100.5,2,12,0.142857143,0,14,0.927815921,0,1.094117555,40,1600,80,,,,,,,,,,,-0.318922442,0.52882073,0.101711524,3.807886553,1.903089987,0
548,L,7,3,1.870828693,353,3,8,0.272727273,0.272727273,11,1.391723882,1.852995676,0.859663793,40,1600,81,34,37,20,32,12,41,13,5,13,67,-0.318922442,1.586462189,0.101711524,3.391164992,1.908485019,0.276226631
377,A,4,0,0.707106781,100.5,4,14,0.222222222,0,18,1.855631843,0,1.406722571,40,1600,82,37,45,32,35,21,52,16,8,13,50,-0.318922442,1.05764146,0.101711524,4.301162634,1.913813852,0
411,L,6,0,0.707106781,100.5,1,14,0.066666667,0,15,0.463907961,0,1.172268809,40,1600,84,31,48,40,36,17,51,16,6,15,61,-0.318922442,0.264410365,0.101711524,3.937003937,1.924279286,0
462,L,6,1,1.224744871,240.5,3,18,0.142857143,0.047619048,21,1.391723882,0.617665225,1.641176333,40,1600,84,32,43,25,31,14,44,15,6,13,47,-0.318922442,1.05764146,0.101711524,4.636809248,1.924279286,0.047637063
33,L,1,5,2.34520788,402.5,5,26,0.161290323,0.161290323,31,2.319539803,3.088326127,2.422688872,40,1600,85,32,48,30,31,16,50,15,7,12,62,-0.318922442,2.644103649,0.101711524,5.61248608,1.929418926,0.161997955
420,A,6,3,1.870828693,353,1,22,0.043478261,0.130434783,23,0.463907961,1.852995676,1.797478841,40,1600,85,32,47,32,37,17,52,14,6,14,15,-0.318922442,1.05764146,0.101711524,4.847679857,1.929418926,0.130807496
549,A,7,2,1.58113883,308.5,3,8,0.272727273,0.181818182,11,1.391723882,1.235330451,0.859663793,40,1600,85,35,47,30,32,13,46,16,6,12,69,-0.318922442,1.322051824,0.101711524,3.391164992,1.929418926,0.182835137
330,L,5,0,0.707106781,100.5,2,6,0.25,0,8,0.927815921,0,0.625210031,40,1600,85,41,47,33,37,17,45,14,5,17,50,-0.318922442,0.52882073,0.101711524,2.915475947,1.929418926,0
37,A,1,0,0.707106781,100.5,1,9,0.1,0,10,0.463907961,0,0.781512539,40,1600,86,36,51,32,35,18,50,12,10,15,65,-0.318922442,0.264410365,0.101711524,3.240370349,1.934498451,0
69,L,2,1,1.224744871,240.5,3,14,0.176470588,0.058823529,17,1.391723882,0.617665225,1.328571317,40,1600,86,36,36,33,32,16,47,45,5,17,60,-0.318922442,1.05764146,0.101711524,4.183300133,1.934498451,0.058857506
327,A,5,0,0.707106781,100.5,1,1,0.5,0,2,0.463907961,0,0.156302508,40,1600,87,30,45,31,33,23,46,12,4,14,56,-0.318922442,0.264410365,0.101711524,1.58113883,1.939519253,0
391,L,5,0,0.707106781,100.5,0,11,0,0,11,0,0,0.859663793,40,1600,87,35,46,35,32,16,50,17,7,14,50,-0.318922442,0,0.101711524,3.391164992,1.939519253,0
568,L,7,9,3.082207001,434,10,38,0.208333333,0.1875,48,4.639079607,5.558987029,3.751260189,40,1600,87,36,42,31,29,17,48,17,7,13,57,-0.318922442,5.023796933,0.101711524,6.964194139,1.939519253,0.188616386
29,L,7,1,1.224744871,240.5,0,6,0,0.166666667,6,0,0.617665225,0.468907524,40,1600,87,37,46,34,39,21,48,19,5,13,45,-0.318922442,0.264410365,0.101711524,2.549509757,1.939519253,0.167448079
565,L,7,6,2.549509757,417,2,13,0.133333333,0.4,15,0.927815921,3.705991353,1.172268809,40,1600,88,35,49,35,40,18,48,17,6,13,60,-0.318922442,2.115282919,0.101711524,3.937003937,1.944482672,0.411516846
214,L,4,3,1.870828693,353,4,31,0.114285714,0.085714286,35,1.855631843,1.852995676,2.735293888,40,1600,89,40,49,36,42,18,51,16,5,13,76,-0.318922442,1.850872554,0.101711524,5.958187644,1.949390007,0.085819591
202,L,4,2,1.58113883,308.5,1,6,0.142857143,0.285714286,7,0.463907961,1.235330451,0.547058778,40,1600,91,31,49,31,37,14,45,16,7,12,67,-0.318922442,0.793231095,0.101711524,2.738612788,1.959041392,0.289751701
177,A,3,0,0.707106781,100.5,1,5,0.166666667,0,6,0.463907961,0,0.468907524,40,1600,91,,,,,,,,,,,-0.318922442,0.264410365,0.101711524,2.549509757,1.959041392,0
402,L,6,0,0.707106781,100.5,1,6,0.142857143,0,7,0.463907961,0,0.547058778,40,1600,96,42,57,41,44,18,50,20,6,13,74,-0.318922442,0.264410365,0.101711524,2.738612788,1.982271233,0
463,A,6,0,0.707106781,100.5,3,6,0.333333333,0,9,1.391723882,0,0.703361285,40,1600,96,49,51,29,32,20,46,16,4,12,47,-0.318922442,0.793231095,0.101711524,3.082207001,1.982271233,0
480,L,6,0,0.707106781,100.5,0,1,0,0,1,0,0,0.078151254,40,1600,,,,,,,,,,,,-0.318922442,0,0.101711524,1.224744871,,0
105,L,3,0,0.707106781,100.5,1,10,0.090909091,0,11,0.463907961,0,0.859663793,41,1681,73,,,,,,,,,,,-0.101672822,0.264410365,0.010337363,3.391164992,1.86332286,0
197,L,4,5,2.34520788,402.5,3,19,0.136363636,0.227272727,22,1.391723882,3.088326127,1.719327587,41,1681,77,29,35,22,37,45,41,8,7,13,61,-0.101672822,2.115282919,0.010337363,4.74341649,1.886490725,0.229276203
225,A,4,5,2.34520788,402.5,3,36,0.076923077,0.128205128,39,1.391723882,3.088326127,3.047898904,41,1681,79,34,52,37,40,16,50,18,7,12,60,-0.101672822,2.115282919,0.010337363,6.284902545,1.897627091,0.12855896
78,L,1,0,0.707106781,100.5,0,5,0,0,5,0,0,0.39075627,41,1681,81,38,48,21,31,15,44,14,3,13,45,-0.101672822,0,0.010337363,2.34520788,1.908485019,0
80,L,1,12,3.535533906,439.5,7,17,0.291666667,0.5,24,3.247355725,7.411982705,1.875630094,41,1681,82,35,46,34,30,18,55,15,5,14,60,-0.101672822,5.023796933,0.010337363,4.949747468,1.913813852,0.523598776
65,L,2,1,1.224744871,240.5,5,16,0.238095238,0.047619048,21,2.319539803,0.617665225,1.641176333,41,1681,85,34,49,28,37,20,50,18,5,11,65,-0.101672822,1.586462189,0.010337363,4.636809248,1.929418926,0.047637063
23,L,1,4,2.121320344,381,2,8,0.2,0.4,10,0.927815921,2.470660902,0.781512539,41,1681,85,34,53,30,30,22,45,15,2,12,40,-0.101672822,1.586462189,0.010337363,3.240370349,1.929418926,0.411516846
41,L,7,0,0.707106781,100.5,0,4,0,0,4,0,0,0.312605016,41,1681,85,57,45,31,33,16,46,18,6,12,65,-0.101672822,0,0.010337363,2.121320344,1.929418926,0
500,L,7,2,1.58113883,308.5,5,9,0.357142857,0.142857143,14,2.319539803,1.235330451,1.094117555,41,1681,87,,,,,,,,,,,-0.101672822,1.850872554,0.010337363,3.807886553,1.939519253,0.143347569
564,L,7,0,0.707106781,100.5,3,3,0.5,0,6,1.391723882,0,0.468907524,41,1681,90,36,45,30,53,15,47,16,7,15,59,-0.101672822,0.793231095,0.010337363,2.549509757,1.954242509,0
103,L,3,1,1.224744871,240.5,1,8,0.111111111,0.111111111,9,0.463907961,0.617665225,0.703361285,42,1764,72,30,48,26,30,13,43,14,3,14,59,0.115576798,0.52882073,0.013357996,3.082207001,1.857332496,0.111341014
60,L,1,2,1.58113883,308.5,1,17,0.055555556,0.111111111,18,0.463907961,1.235330451,1.406722571,42,1764,74,32,40,29,30,9,41,14,,13,56,0.115576798,0.793231095,0.013357996,4.301162634,1.86923172,0.111341014
11,L,1,5,2.34520788,402.5,9,44,0.169811321,0.094339623,53,4.175171646,3.088326127,4.142016459,42,1764,75,35,54,30,33,15,48,16,7,13,60,0.115576798,3.701745108,0.013357996,7.314369419,1.875061263,0.094480123
77,A,1,5,2.34520788,402.5,5,22,0.185185185,0.185185185,27,2.319539803,3.088326127,2.110083856,42,1764,80,32,47,27,30,17,46,15,6,13,79,0.115576798,2.644103649,0.013357996,5.244044241,1.903089987,0.186260304
19,L,2,0,0.707106781,100.5,5,16,0.238095238,0,21,2.319539803,0,1.641176333,42,1764,80,34,45,30,36,18,46,17,6,15,51,0.115576798,1.322051824,0.013357996,4.636809248,1.903089987,0
50,A,1,2,1.58113883,308.5,1,24,0.04,0.08,25,0.463907961,1.235330451,1.953781348,42,1764,81,32,46,33,34,18,46,13,1,14,28,0.115576798,0.793231095,0.013357996,5.049752469,1.908485019,0.08008558
85,L,1,10,3.240370349,437,2,25,0.074074074,0.37037037,27,0.927815921,6.176652254,2.110083856,42,1764,84,,,,,,,,,,,0.115576798,3.172924379,0.013357996,5.244044241,1.924279286,0.379407715
28,L,2,6,2.549509757,417,17,27,0.386363636,0.136363636,44,7.886435331,3.705991353,3.438655173,42,1764,86,34,42,31,34,18,46,14,6,12,53,0.115576798,6.081438392,0.013357996,6.670832032,1.934498451,0.136789827
381,L,5,0,0.707106781,100.5,4,16,0.2,0,20,1.855631843,0,1.563025079,42,1764,86,40,45,35,15,45,16,6,13,79,,0.115576798,1.05764146,0.013357996,4.527692569,1.934498451,0
545,A,7,4,2.121320344,381,5,41,0.108695652,0.086956522,46,2.319539803,2.470660902,3.594957681,42,1764,87,42,47,36,39,17,33,15,4,14,55,0.115576798,2.379693284,0.013357996,6.819090848,1.939519253,0.087066482
518,A,7,0,0.707106781,100.5,1,9,0.1,0,10,0.463907961,0,0.781512539,42,1764,90,36,44,35,33,20,40,18,4,13,65,0.115576798,0.264410365,0.013357996,3.240370349,1.954242509,0
61,A,1,7,2.738612788,424.5,7,25,0.21875,0.21875,32,3.247355725,4.323656578,2.500840126,42,1764,91,40,55,36,39,19,51,18,6,15,62,0.115576798,3.701745108,0.013357996,5.700877125,1.959041392,0.220533261
410,L,6,0,0.707106781,100.5,2,14,0.125,0,16,0.927815921,0,1.250420063,42,1764,92,41,41,40,40,15,46,20,5,15,45,0.115576798,0.52882073,0.013357996,4.062019202,1.963787827,0
184,L,3,0,0.707106781,100.5,0,7,0,0,7,0,0,0.547058778,42,1764,102,42,50,39,38,19,51,17,7,14,68,0.115576798,0,0.013357996,2.738612788,2.008600172,0
34,L,2,2,1.58113883,308.5,2,6,0.25,0.25,8,0.927815921,1.235330451,0.625210031,43,1849,66,29,36,30,21,15,45,15,7,14,65,0.332826418,1.05764146,0.110773424,2.915475947,1.819543936,0.252680255
61,L,2,0,0.707106781,100.5,2,8,0.2,0,10,0.927815921,0,0.781512539,43,1849,77,30,45,23,25,16,45,15,5,15,55,0.332826418,0.52882073,0.110773424,3.240370349,1.886490725,0
229,L,4,6,2.549509757,417,3,43,0.065217391,0.130434783,46,1.391723882,3.705991353,3.594957681,43,1849,78,30,54,38,37,16,51,15,,13,74,0.332826418,2.379693284,0.110773424,6.819090848,1.892094603,0.130807496
274,L,4,5,2.34520788,402.5,7,39,0.152173913,0.108695652,46,3.247355725,3.088326127,3.594957681,43,1849,80,32,55,41,35,17,46,16,4,14,70,0.332826418,3.172924379,0.110773424,6.819090848,1.903089987,0.108910833
84,L,1,2,1.58113883,308.5,,,,,,,1.235330451,,43,1849,80,33,45,28,29,12,50,17,6,13,67,0.332826418,,0.110773424,,1.903089987,
44,L,1,7,2.738612788,424.5,2,13,0.133333333,0.466666667,15,0.927815921,4.323656578,1.172268809,43,1849,81,38,50,34,36,15,50,19,9,12,63,0.332826418,2.379693284,0.110773424,3.937003937,1.908485019,0.485518122
30,L,2,0,0.707106781,100.5,1,4,0.2,0,5,0.463907961,0,0.39075627,43,1849,84,34,41,25,30,15,42,15,,14,57,0.332826418,0.264410365,0.110773424,2.34520788,1.924279286,0
113,L,3,1,1.224744871,240.5,1,10,0.090909091,0.090909091,11,0.463907961,0.617665225,0.859663793,43,1849,85,32,46,30,30,19,48,15,8,13,60,0.332826418,0.52882073,0.110773424,3.391164992,1.929418926,0.091034778
226,A,4,4,2.121320344,381,3,17,0.15,0.2,20,1.391723882,2.470660902,1.563025079,43,1849,85,37,48,36,34,17,51,16,7,13,61,0.332826418,1.850872554,0.110773424,4.527692569,1.929418926,0.201357921
496,L,6,0,0.707106781,100.5,0,11,0,0,11,0,0,0.859663793,43,1849,85,39,46,35,39,19,50,17,4,14,70,0.332826418,0,0.110773424,3.391164992,1.929418926,0
132,A,3,1,1.224744871,240.5,1,8,0.111111111,0.111111111,9,0.463907961,0.617665225,0.703361285,43,1849,85,,,,,,,,,,,0.332826418,0.52882073,0.110773424,3.082207001,1.929418926,0.111341014
111,L,3,3,1.870828693,353,3,6,0.333333333,0.333333333,9,1.391723882,1.852995676,0.703361285,43,1849,86,,,,,,,,,,,0.332826418,1.586462189,0.110773424,3.082207001,1.934498451,0.339836909
460,A,6,0,0.707106781,100.5,2,13,0.133333333,0,15,0.927815921,0,1.172268809,43,1849,87,35,50,32,50,15,48,11,8,12,52,0.332826418,0.52882073,0.110773424,3.937003937,1.939519253,0
6,L,7,1,1.224744871,240.5,4,5,0.444444444,0.111111111,9,1.855631843,0.617665225,0.703361285,43,1849,94,,,,,,,,,,,0.332826418,1.322051824,0.110773424,3.082207001,1.973127854,0.111341014
443,A,6,3,1.870828693,353,9,31,0.225,0.075,40,4.175171646,1.852995676,3.126050157,43,1849,120,44,54,39,44,21,55,14,9,15,70,0.332826418,3.172924379,0.110773424,6.363961031,2.079181246,0.075070491
30,L,1,4,2.121320344,381,6,15,0.285714286,0.19047619,21,2.783447764,2.470660902,1.641176333,43,1849,,,,,,,,,,,,0.332826418,2.644103649,0.110773424,4.636809248,,0.191647195
458,L,6,0,0.707106781,100.5,3,9,0.25,0,12,1.391723882,0,0.937815047,44,1936,70,39,,27,41,16,47,18,8,13,45,0.550076037,0.793231095,0.302583647,3.535533906,1.84509804,0
544,L,7,7,2.738612788,424.5,11,43,0.203703704,0.12962963,54,5.102987567,4.323656578,4.220167713,44,1936,73,32,51,31,30,13,47,16,2,13,69,0.550076037,4.759386568,0.302583647,7.38241153,1.86332286,0.129995449
553,L,7,1,1.224744871,240.5,2,8,0.2,0.1,10,0.927815921,0.617665225,0.781512539,44,1936,77,30,48,31,35,14,44,13,5,12,43,0.550076037,0.793231095,0.302583647,3.240370349,1.886490725,0.100167421
379,A,5,2,1.58113883,308.5,3,20,0.130434783,0.086956522,23,1.391723882,1.235330451,1.797478841,44,1936,79,31,43,30,30,15,46,16,6,14,55,0.550076037,1.322051824,0.302583647,4.847679857,1.897627091,0.087066482
208,L,4,2,1.58113883,308.5,1,10,0.090909091,0.181818182,11,0.463907961,1.235330451,0.859663793,44,1936,86,36,46,29,30,15,48,15,7,12,55,0.550076037,0.793231095,0.302583647,3.391164992,1.934498451,0.182835137
319,A,5,1,1.224744871,240.5,2,13,0.133333333,0.066666667,15,0.927815921,0.617665225,1.172268809,44,1936,86,42,59,37,39,17,51,20,6,14,62,0.550076037,0.793231095,0.302583647,3.937003937,1.934498451,0.066716148
27,A,1,3,1.870828693,353,2,21,0.086956522,0.130434783,23,0.927815921,1.852995676,1.797478841,44,1936,87,38,51,27,37,15,27,16,9,14,61,0.550076037,1.322051824,0.302583647,4.847679857,1.939519253,0.130807496
133,L,3,2,1.58113883,308.5,3,10,0.230769231,0.153846154,13,1.391723882,1.235330451,1.015966301,44,1936,89,38,47,27,31,17,48,15,4,13,46,0.550076037,1.322051824,0.302583647,3.674234614,1.949390007,0.154459598
461,L,6,2,1.58113883,308.5,0,30,0,0.066666667,30,0,1.235330451,2.344537618,45,2025,66,40,50,35,39,21,52,17,,16,46,0.767325657,0.52882073,0.588788664,5.522680509,1.819543936,0.066716148
7,L,2,1,1.224744871,240.5,0,6,0,0.166666667,6,0,0.617665225,0.468907524,45,2025,73,33,30,25,25,17,41,15,6,14,35,0.767325657,0.264410365,0.588788664,2.549509757,1.86332286,0.167448079
12,A,1,3,1.870828693,353,6,15,0.285714286,0.142857143,21,2.783447764,1.852995676,1.641176333,45,2025,74,,,,,,,,,,,0.767325657,2.379693284,0.588788664,4.636809248,1.86923172,0.143347569
46,A,2,0,0.707106781,100.5,1,12,0.076923077,0,13,0.463907961,0,1.015966301,45,2025,75,34,27,30,28,17,46,12,6,15,48,0.767325657,0.264410365,0.588788664,3.674234614,1.875061263,0
72,A,2,0,0.707106781,100.5,1,9,0.1,0,10,0.463907961,0,0.781512539,45,2025,77,31,43,26,25,16,37,14,2,12,64,0.767325657,0.264410365,0.588788664,3.240370349,1.886490725,0
25,A,2,2,1.58113883,308.5,5,22,0.185185185,0.074074074,27,2.319539803,1.235330451,2.110083856,45,2025,78,30,41,27,27,14,42,13,4,12,,0.767325657,1.850872554,0.588788664,5.244044241,1.892094603,0.074141982
66,L,7,2,1.58113883,308.5,3,32,0.085714286,0.057142857,35,1.391723882,1.235330451,2.735293888,45,2025,78,38,56,29,36,18,51,16,4,15,61,0.767325657,1.322051824,0.588788664,5.958187644,1.892094603,0.057174001
15,L,2,7,2.738612788,424.5,8,51,0.13559322,0.118644068,59,3.711263685,4.323656578,4.610923982,45,2025,81,30,39,25,39,17,42,16,8,12,45,0.767325657,3.966155473,0.588788664,7.71362431,1.908485019,0.118924193
45,L,2,0,0.707106781,100.5,3,14,0.176470588,0,17,1.391723882,0,1.328571317,45,2025,81,30,54,25,31,18,50,17,1,14,55,0.767325657,0.793231095,0.588788664,4.183300133,1.908485019,0
71,L,2,0,0.707106781,100.5,0,6,0,0,6,0,0,0.468907524,45,2025,81,32,,,27,18,45,14,8,11,40,0.767325657,0,0.588788664,2.549509757,1.908485019,0
22,A,1,6,2.549509757,417,2,13,0.133333333,0.4,15,0.927815921,3.705991353,1.172268809,45,2025,82,32,47,30,37,14,44,17,6,15,48,0.767325657,2.115282919,0.588788664,3.937003937,1.913813852,0.411516846
58,A,2,3,1.870828693,353,3,37,0.075,0.075,40,1.391723882,1.852995676,3.126050157,45,2025,82,,,,,,,,,,,0.767325657,1.586462189,0.588788664,6.363961031,1.913813852,0.075070491
409,A,6,0,0.707106781,100.5,1,2,0.333333333,0,3,0.463907961,0,0.234453762,45,2025,83,34,50,29,38,15,46,15,10,13,52,0.767325657,0.264410365,0.588788664,1.870828693,1.919078092,0
405,L,6,2,1.58113883,308.5,2,28,0.066666667,0.066666667,30,0.927815921,1.235330451,2.344537618,45,2025,84,32,54,34,40,15,47,18,2,13,61,0.767325657,1.05764146,0.588788664,5.522680509,1.924279286,0.066716148
475,L,6,0,0.707106781,100.5,1,12,0.076923077,0,13,0.463907961,0,1.015966301,45,2025,84,37,50,34,40,18,49,20,6,14,70,0.767325657,0.264410365,0.588788664,3.674234614,1.924279286,0
456,A,6,2,1.58113883,308.5,5,30,0.142857143,0.057142857,35,2.319539803,1.235330451,2.735293888,45,2025,86,36,49,34,36,12,52,16,7,13,60,0.767325657,1.850872554,0.588788664,5.958187644,1.934498451,0.057174001
59,L,2,2,1.58113883,308.5,7,28,0.2,0.057142857,35,3.247355725,1.235330451,2.735293888,45,2025,86,40,56,31,35,20,49,16,9,14,55,0.767325657,2.379693284,0.588788664,5.958187644,1.934498451,0.057174001
451,L,6,13,3.674234614,441,8,62,0.114285714,0.185714286,70,3.711263685,8.029647931,5.470587776,45,2025,91,35,42,33,33,19,54,20,8,13,54,0.767325657,5.552617663,0.588788664,8.396427812,1.959041392,0.186798744
139,L,3,0,0.707106781,100.5,0,6,0,0,6,0,0,0.468907524,45,2025,94,,,,,,,,,,,0.767325657,0,0.588788664,2.549509757,1.973127854,0
433,L,6,0,0.707106781,100.5,3,50,0.056603774,0,53,1.391723882,0,4.142016459,45,2025,95,35,46,25,40,14,44,15,5,14,61,0.767325657,0.793231095,0.588788664,7.314369419,1.977723605,0
130,L,3,0,0.707106781,100.5,6,32,0.157894737,0,38,2.783447764,0,2.96974765,45,2025,95,38,54,32,40,18,51,16,7,13,55,0.767325657,1.586462189,0.588788664,6.204836823,1.977723605,0
17,L,1,6,2.549509757,417,7,15,0.318181818,0.272727273,22,3.247355725,3.705991353,1.719327587,45,2025,95,41,54,38,35,16,54,17,6,14,67,0.767325657,3.437334744,0.588788664,4.74341649,1.977723605,0.276226631
46,A,1,0,0.707106781,100.5,0,5,0,0,5,0,0,0.39075627,45,2025,,,,,,,,,,,,0.767325657,0,0.588788664,2.34520788,,0
13,A,1,1,1.224744871,240.5,0,1,0,1,1,0,0.617665225,0.078151254,45,2025,,,,,,,,,,,,0.767325657,0.264410365,0.588788664,1.224744871,,1.570796327
6,A,1,2,1.58113883,308.5,2,0,1,1,2,0.927815921,1.235330451,0.156302508,45,2025,,,,,,,,,,,,0.767325657,1.05764146,0.588788664,1.58113883,,1.570796327
380,L,5,1,1.224744871,240.5,0,7,0,0.142857143,7,0,0.617665225,0.547058778,46,2116,82,32,49,32,36,17,49,12,4,15,50,0.984575277,0.264410365,0.969388476,2.738612788,1.913813852,0.143347569
11,L,2,5,2.34520788,402.5,9,43,0.173076923,0.096153846,52,4.175171646,3.088326127,4.063865205,46,2116,82,34,47,26,30,20,45,16,2,14,38,0.984575277,3.701745108,0.969388476,7.245688373,1.913813852,0.096302632
63,A,2,0,0.707106781,100.5,3,10,0.230769231,0,13,1.391723882,0,1.015966301,46,2116,82,35,53,29,39,14,45,15,5,13,62,0.984575277,0.793231095,0.969388476,3.674234614,1.913813852,0
459,L,6,0,0.707106781,100.5,8,23,0.258064516,0,31,3.711263685,0,2.422688872,46,2116,82,,,,,,,,,,,0.984575277,2.115282919,0.969388476,5.61248608,1.913813852,0
79,L,1,8,2.915475947,429.5,4,18,0.181818182,0.363636364,22,1.855631843,4.941321804,1.719327587,46,2116,83,38,52,30,36,17,50,17,7,13,63,0.984575277,3.172924379,0.969388476,4.74341649,1.919078092,0.372168534
32,L,1,4,2.121320344,381,1,20,0.047619048,0.19047619,21,0.463907961,2.470660902,1.641176333,46,2116,90,35,50,30,33,18,49,16,7,15,34,0.984575277,1.322051824,0.969388476,4.636809248,1.954242509,0.191647195
490,L,6,1,1.224744871,240.5,0,28,0,0.035714286,28,0,0.617665225,2.18823511,46,2116,90,36,50,32,40,13,50,15,2,13,59,0.984575277,0.264410365,0.969388476,5.338539126,1.954242509,0.035721882
324,L,5,0,0.707106781,100.5,0,6,0,0,6,0,0,0.468907524,46,2116,90,39,47,36,30,17,49,16,4,14,60,0.984575277,0,0.969388476,2.549509757,1.954242509,0
569,L,7,2,1.58113883,308.5,3,9,0.25,0.166666667,12,1.391723882,1.235330451,0.937815047,46,2116,91,39,47,30,34,15,48,19,8,12,55,0.984575277,1.322051824,0.969388476,3.535533906,1.959041392,0.167448079
129,L,3,4,2.121320344,381,9,6,0.6,0.266666667,15,4.175171646,2.470660902,1.172268809,46,2116,94,,,,,,,,,,,0.984575277,3.437334744,0.969388476,3.937003937,1.973127854,0.269932796
432,A,6,4,2.121320344,381,8,29,0.216216216,0.108108108,37,3.711263685,2.470660902,2.891596396,46,2116,97,39,51,37,40,17,50,19,2,15,75,0.984575277,3.172924379,0.969388476,6.123724357,1.986771734,0.108319807
47,L,2,3,1.870828693,353,4,25,0.137931034,0.103448276,29,1.855631843,1.852995676,2.266386364,47,2209,72,30,45,28,28,14,46,14,10,12,50,1.201824897,1.850872554,1.444383083,5.431390246,1.857332496,0.10363368
62,L,2,0,0.707106781,100.5,0,1,0,0,1,0,0,0.078151254,47,2209,81,31,45,28,35,13,50,48,9,11,40,1.201824897,0,1.444383083,1.224744871,1.908485019,0
26,A,2,1,1.224744871,240.5,0,3,0,0.333333333,3,0,0.617665225,0.234453762,47,2209,82,30,34,28,29,19,50,15,,15,47,1.201824897,0.264410365,1.444383083,1.870828693,1.913813852,0.339836909
151,A,3,6,2.549509757,417,3,37,0.075,0.15,40,1.391723882,3.705991353,3.126050157,47,2209,84,34,54,32,34,15,53,16,4,14,54,1.201824897,2.379693284,1.444383083,6.363961031,1.924279286,0.150568273
482,L,6,0,0.707106781,100.5,0,5,0,0,5,0,0,0.39075627,47,2209,89,37,57,34,39,17,53,16,9,13,75,1.201824897,0,1.444383083,2.34520788,1.949390007,0
149,L,3,0,0.707106781,100.5,0,6,0,0,6,0,0,0.468907524,47,2209,90,31,35,26,31,19,49,13,5,12,31,1.201824897,0,1.444383083,2.549509757,1.954242509,0
47,L,1,1,1.224744871,240.5,1,14,0.066666667,0.066666667,15,0.463907961,0.617665225,1.172268809,47,2209,90,35,50,30,33,18,49,16,7,15,34,1.201824897,0.52882073,1.444383083,3.937003937,1.954242509,0.066716148
398,A,5,0,0.707106781,100.5,1,7,0.125,0,8,0.463907961,0,0.625210031,47,2209,90,37,51,31,37,15,49,16,2,13,65,1.201824897,0.264410365,1.444383083,2.915475947,1.954242509,0
397,A,5,0,0.707106781,100.5,2,18,0.1,0,20,0.927815921,0,1.563025079,47,2209,91,36,44,32,38,19,53,19,11,14,56,1.201824897,0.52882073,1.444383083,4.527692569,1.959041392,0
317,L,5,4,2.121320344,381,0,14,0,0.285714286,14,0,2.470660902,1.094117555,47,2209,97,30,53,37,38,18,54,20,1,16,80,1.201824897,1.05764146,1.444383083,3.807886553,1.986771734,0.289751701
454,A,6,1,1.224744871,240.5,2,23,0.08,0.04,25,0.927815921,0.617665225,1.953781348,47,2209,,40,44,35,40,20,51,16,6,12,56,1.201824897,0.793231095,1.444383083,5.049752469,,0.040010674
325,L,5,0,0.707106781,100.5,0,2,0,0,2,0,0,0.156302508,48,2304,77,30,41,30,31,16,45,17,4,12,55,1.419074517,0,2.013772484,1.58113883,1.886490725,0
468,L,6,5,2.34520788,402.5,4,43,0.085106383,0.106382979,47,1.855631843,3.088326127,3.673108935,48,2304,89,39,46,33,37,15,51,19,7,14,89,1.419074517,2.379693284,2.013772484,6.892024376,1.949390007,0.10658467
321,L,5,0,0.707106781,100.5,0,6,0,0,6,0,0,0.468907524,48,2304,89,41,50,37,40,17,47,18,3,14,39,1.419074517,0,2.013772484,2.549509757,1.949390007,0
31,A,2,0,0.707106781,100.5,1,4,0.2,0,5,0.463907961,0,0.39075627,49,2401,74,32,47,26,29,15,41,14,2,14,60,1.636324136,0.264410365,2.677556679,2.34520788,1.86923172,0
474,L,6,3,1.870828693,353,0,11,0,0.272727273,11,0,1.852995676,0.859663793,49,2401,89,35,47,32,39,16,52,17,6,10,55,1.636324136,0.793231095,2.677556679,3.391164992,1.949390007,0.276226631
53,L,2,5,2.34520788,402.5,11,49,0.183333333,0.083333333,60,5.102987567,3.088326127,4.689075236,49,2401,89,36,46,30,37,16,51,19,,18,66,1.636324136,4.230565838,2.677556679,7.778174593,1.949390007,0.083430087
465,L,6,1,1.224744871,240.5,2,24,0.076923077,0.038461538,26,0.927815921,0.617665225,2.031932602,49,2401,102,45,55,37,45,20,60,22,6,14,75,1.636324136,0.793231095,2.677556679,5.14781507,2.008600172,0.038471027
473,L,6,12,3.535533906,439.5,9,48,0.157894737,0.210526316,57,4.175171646,7.411982705,4.454621474,50,2500,83,37,50,30,37,17,51,17,6,12,62,1.853573756,5.552617663,3.43573567,7.582875444,1.919078092,0.21211331
467,L,6,3,1.870828693,353,4,5,0.444444444,0.333333333,9,1.855631843,1.852995676,0.703361285,50,2500,85,34,50,32,37,21,54,17,5,15,65,1.853573756,1.850872554,3.43573567,3.082207001,1.929418926,0.339836909
453,L,6,5,2.34520788,402.5,2,27,0.068965517,0.172413793,29,0.927815921,3.088326127,2.266386364,50,2500,90,39,51,33,39,18,52,17,8,14,64,1.853573756,1.850872554,3.43573567,5.431390246,1.954242509,0.173279636
469,A,6,0,0.707106781,100.5,5,17,0.227272727,0,22,2.319539803,0,1.719327587,50,2500,91,34,45,32,32,19,50,18,4,12,77,1.853573756,1.322051824,3.43573567,4.74341649,1.959041392,0
452,L,6,0,0.707106781,100.5,1,15,0.0625,0,16,0.463907961,0,1.250420063,50,2500,105,45,55,35,40,23,55,15,9,13,78,1.853573756,0.264410365,3.43573567,4.062019202,2.021189299,0
14,L,2,2,1.58113883,308.5,7,70,0.090909091,0.025974026,77,3.247355725,1.235330451,6.017646553,51,2601,70,35,40,30,33,16,50,16,7,14,86,2.070823376,2.379693284,4.288309455,8.803408431,1.84509804,0.025976947
69,L,1,11,3.391164992,438,12,30,0.285714286,0.261904762,42,5.566895528,6.79431748,3.282352665,56,3136,78,,,,,,,,,,,3.157071475,6.081438392,9.967100299,6.519202405,1.892094603,0.264995331
222,L,4,2,1.58113883,308.5,5,77,0.06097561,0.024390244,82,2.319539803,1.235330451,6.408402823,,,60,28,48,30,36,16,40,14,6,14,57,,1.850872554,,9.082951062,1.77815125,0.024392663
221,L,4,3,1.870828693,353,4,28,0.125,0.09375,32,1.855631843,1.852995676,2.500840126,,,60,,,,,,,,,,,,1.850872554,,5.700877125,1.77815125,0.093887875
34,A,1,1,1.224744871,240.5,2,6,0.25,0.125,8,0.927815921,0.617665225,0.625210031,,,66,,,,,,,,,,,,0.793231095,,2.915475947,1.819543936,0.125327831
342,L,5,0,0.707106781,100.5,0,3,0,0,3,0,0,0.234453762,,,72,27,39,27,34,12,39,17,5,12,55,,0,,1.870828693,1.857332496,0
384,L,5,0,0.707106781,100.5,0,12,0,0,12,0,0,0.937815047,,,72,35,49,31,35,20,40,13,4,12,60,,0,,3.535533906,1.857332496,0
29,L,1,1,1.224744871,240.5,1,6,0.142857143,0.142857143,7,0.463907961,0.617665225,0.547058778,,,76,,,,,,,,,,,,0.52882073,,2.738612788,1.880813592,0.143347569
38,L,2,1,1.224744871,240.5,5,17,0.227272727,0.045454545,22,2.319539803,0.617665225,1.719327587,,,77,,,,,,,,,,,,1.586462189,,4.74341649,1.886490725,0.045470212
450,L,6,1,1.224744871,240.5,1,18,0.052631579,0.052631579,19,0.463907961,0.617665225,1.484873825,,,79,32,45,33,32,19,42,12,8,,57,,0.52882073,,4.415880433,1.897627091,0.052655908
464,L,6,5,2.34520788,402.5,2,14,0.125,0.3125,16,0.927815921,3.088326127,1.250420063,,,80,31,50,31,40,23,51,15,6,12,60,,1.850872554,,4.062019202,1.903089987,0.317823704
13,L,7,3,1.870828693,353,2,6,0.25,0.375,8,0.927815921,1.852995676,0.625210031,,,86,,,,,,,,,,,,1.322051824,,2.915475947,1.934498451,0.384396774
60,L,7,2,1.58113883,308.5,3,6,0.333333333,0.222222222,9,1.391723882,1.235330451,0.703361285,,,87,35,41,31,31,18,,,,,59,,1.322051824,,3.082207001,1.939519253,0.224093092
33,L,2,1,1.224744871,240.5,4,19,0.173913043,0.043478261,23,1.855631843,0.617665225,1.797478841,,,87,37,55,38,34,21,,,,,,,1.322051824,,4.847679857,1.939519253,0.043491971
328,L,5,0,0.707106781,100.5,0,4,0,0,4,0,0,0.312605016,,,90,34,51,29,42,15,47,17,5,13,55,,0,,2.121320344,1.954242509,0
38,L,1,8,2.915475947,429.5,3,15,0.166666667,0.444444444,18,1.391723882,4.941321804,1.406722571,,,,30,45,24,29,22,44,15,,,72,,2.908514014,,4.301162634,,0.460553992
85,L,2,1,1.224744871,240.5,2,5,0.285714286,0.142857143,7,0.927815921,0.617665225,0.547058778,,,,38,52,35,32,15,52,17,7,12,72,,0.793231095,,2.738612788,,0.143347569
516,A,7,1,1.224744871,240.5,1,4,0.2,0.2,5,0.463907961,0.617665225,0.39075627,,,,,,,,,,,,,,,0.52882073,,2.34520788,,0.201357921
108,L,7,1,1.224744871,240.5,1,7,0.125,0.125,8,0.463907961,0.617665225,0.625210031,,,,,,,,,,,,,,,0.52882073,,2.915475947,,0.125327831
521,A,7,1,1.224744871,240.5,1,1,0.5,0.5,2,0.463907961,0.617665225,0.156302508,,,,,,,,,,,,,,,0.52882073,,1.58113883,,0.523598776
9,A,2,1,1.224744871,240.5,1,3,0.25,0.25,4,0.463907961,0.617665225,0.312605016,,,,,,,,,,,,,,,0.52882073,,2.121320344,,0.252680255
8,L,2,1,1.224744871,240.5,1,14,0.066666667,0.066666667,15,0.463907961,0.617665225,1.172268809,,,,,,,,,,,,,,,0.52882073,,3.937003937,,0.066716148
81,L,1,1,1.224744871,240.5,0,5,0,0.2,5,0,0.617665225,0.39075627,,,,,,,,,,,,,,,0.264410365,,2.34520788,,0.201357921
426,L,6,0,0.707106781,100.5,0,3,0,0,3,0,0,0.234453762,,,,,,,,,,,,,,,0,,1.870828693,,0
492,A,6,0,0.707106781,100.5,0,1,0,0,1,0,0,0.078151254,,,,,,,,,,,,,,,0,,1.224744871,,0
542,L,7,0,0.707106781,100.5,0,20,0,0,20,0,0,1.563025079,,,,,,,,,,,,,,,0,,4.527692569,,0
488,A,6,0,0.707106781,100.5,1,5,0.166666667,0,6,0.463907961,0,0.468907524,,,,,,,,,,,,,,,0.264410365,,2.549509757,,0
56,L,7,1,1.224744871,240.5,1,7,0.125,0.125,8,0.463907961,0.617665225,0.625210031,,,,,,,,,,,,,,,0.52882073,,2.915475947,,0.125327831
483,A,6,1,1.224744871,240.5,1,8,0.111111111,0.111111111,9,0.463907961,0.617665225,0.703361285,,,,,,,,,,,,,,,0.52882073,,3.082207001,,0.111341014
414,L,6,1,1.224744871,240.5,1,19,0.05,0.05,20,0.463907961,0.617665225,1.563025079,,,,,,,,,,,,,,,0.52882073,,4.527692569,,0.050020857
102,A,3,1,1.224744871,240.5,0,7,0,0.142857143,7,0,0.617665225,0.547058778,,,,,,,,,,,,,,,0.264410365,,2.738612788,,0.143347569
506,L,7,1,1.224744871,240.5,0,3,0,0.333333333,3,0,0.617665225,0.234453762,,,,,,,,,,,,,,,0.264410365,,1.870828693,,0.339836909
146,L,3,1,1.224744871,240.5,0,5,0,0.2,5,0,0.617665225,0.39075627,,,,,,,,,,,,,,,0.264410365,,2.34520788,,0.201357921
249,L,4,1,1.224744871,240.5,0,2,0,0.5,2,0,0.617665225,0.156302508,,,,,,,,,,,,,,,0.264410365,,1.58113883,,0.523598776
188,L,3,1,1.224744871,240.5,3,11,0.214285714,0.071428571,14,1.391723882,0.617665225,1.094117555,,,,,,,,,,,,,,,1.05764146,,3.807886553,,0.07148945
9,A,1,1,1.224744871,240.5,4,15,0.210526316,0.052631579,19,1.855631843,0.617665225,1.484873825,,,,,,,,,,,,,,,1.322051824,,4.415880433,,0.052655908
385,L,5,1,1.224744871,240.5,4,10,0.285714286,0.071428571,14,1.855631843,0.617665225,1.094117555,,,,,,,,,,,,,,,1.322051824,,3.807886553,,0.07148945
91,L,7,1,1.224744871,240.5,0,3,0,0.333333333,3,0,0.617665225,0.234453762,,,,,,,,,,,,,,,0.264410365,,1.870828693,,0.339836909
244,A,4,1,1.224744871,240.5,0,14,0,0.071428571,14,0,0.617665225,1.094117555,,,,,,,,,,,,,,,0.264410365,,3.807886553,,0.07148945
52,L,7,1,1.224744871,240.5,1,8,0.111111111,0.111111111,9,0.463907961,0.617665225,0.703361285,,,,,,,,,,,,,,,0.52882073,,3.082207001,,0.111341014
275,L,4,1,1.224744871,240.5,0,8,0,0.125,8,0,0.617665225,0.625210031,,,,,,,,,,,,,,,0.264410365,,2.915475947,,0.125327831
86,L,1,1,1.224744871,240.5,0,3,0,0.333333333,3,0,0.617665225,0.234453762,,,,,,,,,,,,,,,0.264410365,,1.870828693,,0.339836909
216,L,4,1,1.224744871,240.5,0,12,0,0.083333333,12,0,0.617665225,0.937815047,,,,,,,,,,,,,,,0.264410365,,3.535533906,,0.083430087
118,L,3,1,1.224744871,240.5,0,2,0,0.5,2,0,0.617665225,0.156302508,,,,,,,,,,,,,,,0.264410365,,1.58113883,,0.523598776
245,L,4,0,0.707106781,100.5,0,4,0,0,4,0,0,0.312605016,,,,,,,,,,,,,,,0,,2.121320344,,0
16,A,2,0,0.707106781,100.5,0,11,0,0,11,0,0,0.859663793,,,,,,,,,,,,,,,0,,3.391164992,,0
212,L,4,0,0.707106781,100.5,0,3,0,0,3,0,0,0.234453762,,,,,,,,,,,,,,,0,,1.870828693,,0
497,A,6,0,0.707106781,100.5,0,1,0,0,1,0,0,0.078151254,,,,,,,,,,,,,,,0,,1.224744871,,0
486,A,6,0,0.707106781,100.5,0,4,0,0,4,0,0,0.312605016,,,,,,,,,,,,,,,0,,2.121320344,,0
485,A,6,0,0.707106781,100.5,0,2,0,0,2,0,0,0.156302508,,,,,,,,,,,,,,,0,,1.58113883,,0
372,L,5,0,0.707106781,100.5,0,0,,,0,0,0,0,,,,,,,,,,,,,,,0,,0.707106781,,
479,A,6,0,0.707106781,100.5,0,1,0,0,1,0,0,0.078151254,,,,,,,,,,,,,,,0,,1.224744871,,0
140,L,3,0,0.707106781,100.5,0,5,0,0,5,0,0,0.39075627,,,,,,,,,,,,,,,0,,2.34520788,,0
169,L,3,0,0.707106781,100.5,0,8,0,0,8,0,0,0.625210031,,,,,,,,,,,,,,,0,,2.915475947,,0
489,L,6,0,0.707106781,100.5,0,1,0,0,1,0,0,0.078151254,,,,,,,,,,,,,,,0,,1.224744871,,0
125,L,3,0,0.707106781,100.5,0,1,0,0,1,0,0,0.078151254,,,,,,,,,,,,,,,0,,1.224744871,,0
79,L,2,0,0.707106781,100.5,0,5,0,0,5,0,0,0.39075627,,,,,,,,,,,,,,,0,,2.34520788,,0
182,L,3,0,0.707106781,100.5,0,3,0,0,3,0,0,0.234453762,,,,,,,,,,,,,,,0,,1.870828693,,0
429,L,6,0,0.707106781,100.5,0,3,0,0,3,0,0,0.234453762,,,,,,,,,,,,,,,0,,1.870828693,,0
532,A,7,0,0.707106781,100.5,0,5,0,0,5,0,0,0.39075627,,,,,,,,,,,,,,,0,,2.34520788,,0
535,L,7,0,0.707106781,100.5,0,3,0,0,3,0,0,0.234453762,,,,,,,,,,,,,,,0,,1.870828693,,0
493,L,6,0,0.707106781,100.5,0,1,0,0,1,0,0,0.078151254,,,,,,,,,,,,,,,0,,1.224744871,,0
331,L,5,0,0.707106781,100.5,0,5,0,0,5,0,0,0.39075627,,,,,,,,,,,,,,,0,,2.34520788,,0
386,L,5,0,0.707106781,100.5,0,9,0,0,9,0,0,0.703361285,,,,,,,,,,,,,,,0,,3.082207001,,0
56,A,2,0,0.707106781,100.5,0,5,0,0,5,0,0,0.39075627,,,,,,,,,,,,,,,0,,2.34520788,,0
152,L,3,0,0.707106781,100.5,0,3,0,0,3,0,0,0.234453762,,,,,,,,,,,,,,,0,,1.870828693,,0
315,L,5,0,0.707106781,100.5,0,1,0,0,1,0,0,0.078151254,,,,,,,,,,,,,,,0,,1.224744871,,0
403,A,6,0,0.707106781,100.5,0,2,0,0,2,0,0,0.156302508,,,,,,,,,,,,,,,0,,1.58113883,,0
99,L,1,0,0.707106781,100.5,0,7,0,0,7,0,0,0.547058778,,,,,,,,,,,,,,,0,,2.738612788,,0
530,L,7,0,0.707106781,100.5,0,4,0,0,4,0,0,0.312605016,,,,,,,,,,,,,,,0,,2.121320344,,0
389,L,5,0,0.707106781,100.5,0,9,0,0,9,0,0,0.703361285,,,,,,,,,,,,,,,0,,3.082207001,,0
11,L,7,0,0.707106781,100.5,0,1,0,0,1,0,0,0.078151254,,,,,,,,,,,,,,,0,,1.224744871,,0
513,L,7,0,0.707106781,100.5,0,2,0,0,2,0,0,0.156302508,,,,,,,,,,,,,,,0,,1.58113883,,0
421,L,6,0,0.707106781,100.5,4,15,0.210526316,0,19,1.855631843,0,1.484873825,,,,,,,,,,,,,,,1.05764146,,4.415880433,,0
18,L,2,0,0.707106781,100.5,4,18,0.181818182,0,22,1.855631843,0,1.719327587,,,,,,,,,,,,,,,1.05764146,,4.74341649,,0
528,L,7,0,0.707106781,100.5,1,2,0.333333333,0,3,0.463907961,0,0.234453762,,,,,,,,,,,,,,,0.264410365,,1.870828693,,0
21,L,2,0,0.707106781,100.5,3,14,0.176470588,0,17,1.391723882,0,1.328571317,,,,,,,,,,,,,,,0.793231095,,4.183300133,,0
227,A,4,1,1.224744871,240.5,0,14,0,0.071428571,14,0,0.617665225,1.094117555,,,,,,,,,,,,,,,0.264410365,,3.807886553,,0.07148945
70,L,2,0,0.707106781,100.5,3,10,0.230769231,0,13,1.391723882,0,1.015966301,,,,,,,,,,,,,,,0.793231095,,3.674234614,,0
406,L,6,0,0.707106781,100.5,3,21,0.125,0,24,1.391723882,0,1.875630094,,,,,,,,,,,,,,,0.793231095,,4.949747468,,0
539,A,7,0,0.707106781,100.5,1,2,0.333333333,0,3,0.463907961,0,0.234453762,,,,,,,,,,,,,,,0.264410365,,1.870828693,,0
428,L,6,0,0.707106781,100.5,1,2,0.333333333,0,3,0.463907961,0,0.234453762,,,,,,,,,,,,,,,0.264410365,,1.870828693,,0
417,L,6,0,0.707106781,100.5,1,18,0.052631579,0,19,0.463907961,0,1.484873825,,,,,,,,,,,,,,,0.264410365,,4.415880433,,0
76,L,2,0,0.707106781,100.5,2,8,0.2,0,10,0.927815921,0,0.781512539,,,,,,,,,,,,,,,0.52882073,,3.240370349,,0
256,L,4,0,0.707106781,100.5,1,9,0.1,0,10,0.463907961,0,0.781512539,,,,,,,,,,,,,,,0.264410365,,3.240370349,,0
203,L,4,0,0.707106781,100.5,1,4,0.2,0,5,0.463907961,0,0.39075627,,,,,,,,,,,,,,,0.264410365,,2.34520788,,0
185,L,3,0,0.707106781,100.5,2,13,0.133333333,0,15,0.927815921,0,1.172268809,,,,,,,,,,,,,,,0.52882073,,3.937003937,,0
383,L,5,0,0.707106781,100.5,3,15,0.166666667,0,18,1.391723882,0,1.406722571,,,,,,,,,,,,,,,0.793231095,,4.301162634,,0
107,L,3,0,0.707106781,100.5,2,15,0.117647059,0,17,0.927815921,0,1.328571317,,,,,,,,,,,,,,,0.52882073,,4.183300133,,0
106,A,7,0,0.707106781,100.5,2,7,0.222222222,0,9,0.927815921,0,0.703361285,,,,,,,,,,,,,,,0.52882073,,3.082207001,,0
407,L,6,0,0.707106781,100.5,3,13,0.1875,0,16,1.391723882,0,1.250420063,,,,,,,,,,,,,,,0.793231095,,4.062019202,,0
224,L,4,0,0.707106781,100.5,3,18,0.142857143,0,21,1.391723882,0,1.641176333,,,,,,,,,,,,,,,0.793231095,,4.636809248,,0
87,L,2,0,0.707106781,100.5,3,12,0.2,0,15,1.391723882,0,1.172268809,,,,,,,,,,,,,,,0.793231095,,3.937003937,,0
36,L,2,0,0.707106781,100.5,3,2,0.6,0,5,1.391723882,0,0.39075627,,,,,,,,,,,,,,,0.793231095,,2.34520788,,0
74,L,1,0,0.707106781,100.5,,,,,,,0,,,,,,,,,,,,,,,,,,,,
541,L,7,1,1.224744871,240.5,0,8,0,0.125,8,0,0.617665225,0.625210031,,,,,,,,,,,,,,,0.264410365,,2.915475947,,0.125327831
512,L,7,1,1.224744871,240.5,0,2,0,0.5,2,0,0.617665225,0.156302508,,,,,,,,,,,,,,,0.264410365,,1.58113883,,0.523598776
58,L,1,0,0.707106781,100.5,,,,,,,0,,,,,,,,,,,,,,,,,,,,
563,A,7,0,0.707106781,100.5,2,6,0.25,0,8,0.927815921,0,0.625210031,,,,,,,,,,,,,,,0.52882073,,2.915475947,,0
534,L,7,0,0.707106781,100.5,2,11,0.153846154,0,13,0.927815921,0,1.015966301,,,,,,,,,,,,,,,0.52882073,,3.674234614,,0
73,A,2,0,0.707106781,100.5,2,5,0.285714286,0,7,0.927815921,0,0.547058778,,,,,,,,,,,,,,,0.52882073,,2.738612788,,0
415,A,6,1,1.224744871,240.5,2,3,0.4,0.2,5,0.927815921,0.617665225,0.39075627,,,,,,,,,,,,,,,0.793231095,,2.34520788,,0.201357921
164,A,3,1,1.224744871,240.5,2,13,0.133333333,0.066666667,15,0.927815921,0.617665225,1.172268809,,,,,,,,,,,,,,,0.793231095,,3.937003937,,0.066716148
93,L,1,1,1.224744871,240.5,2,7,0.222222222,0.111111111,9,0.927815921,0.617665225,0.703361285,,,,,,,,,,,,,,,0.793231095,,3.082207001,,0.111341014
2,L,1,1,1.224744871,240.5,2,13,0.133333333,0.066666667,15,0.927815921,0.617665225,1.172268809,,,,,,,,,,,,,,,0.793231095,,3.937003937,,0.066716148
276,A,4,1,1.224744871,240.5,2,8,0.2,0.1,10,0.927815921,0.617665225,0.781512539,,,,,,,,,,,,,,,0.793231095,,3.240370349,,0.100167421
44,L,2,1,1.224744871,240.5,2,9,0.181818182,0.090909091,11,0.927815921,0.617665225,0.859663793,,,,,,,,,,,,,,,0.793231095,,3.391164992,,0.091034778
395,L,5,1,1.224744871,240.5,2,7,0.222222222,0.111111111,9,0.927815921,0.617665225,0.703361285,,,,,,,,,,,,,,,0.793231095,,3.082207001,,0.111341014
213,L,4,1,1.224744871,240.5,6,15,0.285714286,0.047619048,21,2.783447764,0.617665225,1.641176333,,,,,,,,,,,,,,,1.850872554,,4.636809248,,0.047637063
170,L,3,1,1.224744871,240.5,3,7,0.3,0.1,10,1.391723882,0.617665225,0.781512539,,,,,,,,,,,,,,,1.05764146,,3.240370349,,0.100167421
55,L,2,1,1.224744871,240.5,3,10,0.230769231,0.076923077,13,1.391723882,0.617665225,1.015966301,,,,,,,,,,,,,,,1.05764146,,3.674234614,,0.076999141
54,L,2,1,1.224744871,240.5,7,7,0.5,0.071428571,14,3.247355725,0.617665225,1.094117555,,,,,,,,,,,,,,,2.115282919,,3.807886553,,0.07148945
551,L,7,1,1.224744871,240.5,4,12,0.25,0.0625,16,1.855631843,0.617665225,1.250420063,,,,,,,,,,,,,,,1.322051824,,4.062019202,,0.062540762
404,L,6,1,1.224744871,240.5,4,14,0.222222222,0.055555556,18,1.855631843,0.617665225,1.406722571,,,,,,,,,,,,,,,1.322051824,,4.301162634,,0.055584173
265,L,4,1,1.224744871,240.5,4,9,0.307692308,0.076923077,13,1.855631843,0.617665225,1.015966301,,,,,,,,,,,,,,,1.322051824,,3.674234614,,0.076999141
247,L,4,0,0.707106781,100.5,2,20,0.090909091,0,22,0.927815921,0,1.719327587,,,,,,,,,,,,,,,0.52882073,,4.74341649,,0
537,L,7,0,0.707106781,100.5,2,4,0.333333333,0,6,0.927815921,0,0.468907524,,,,,,,,,,,,,,,0.52882073,,2.549509757,,0
434,L,6,0,0.707106781,100.5,2,3,0.4,0,5,0.927815921,0,0.39075627,,,,,,,,,,,,,,,0.52882073,,2.34520788,,0
43,L,2,0,0.707106781,100.5,2,4,0.333333333,0,6,0.927815921,0,0.468907524,,,,,,,,,,,,,,,0.52882073,,2.549509757,,0
536,L,7,0,0.707106781,100.5,1,9,0.1,0,10,0.463907961,0,0.781512539,,,,,,,,,,,,,,,0.264410365,,3.240370349,,0
1,L,1,0,0.707106781,100.5,1,7,0.125,0,8,0.463907961,0,0.625210031,,,,,,,,,,,,,,,0.264410365,,2.915475947,,0
477,L,6,0,0.707106781,100.5,2,5,0.285714286,0,7,0.927815921,0,0.547058778,,,,,,,,,,,,,,,0.52882073,,2.738612788,,0
17,L,2,0,0.707106781,100.5,2,6,0.25,0,8,0.927815921,0,0.625210031,,,,,,,,,,,,,,,0.52882073,,2.915475947,,0
547,L,7,1,1.224744871,240.5,2,6,0.25,0.125,8,0.927815921,0.617665225,0.625210031,,,,,,,,,,,,,,,0.793231095,,2.915475947,,0.125327831
62,A,1,1,1.224744871,240.5,2,7,0.222222222,0.111111111,9,0.927815921,0.617665225,0.703361285,,,,,,,,,,,,,,,0.793231095,,3.082207001,,0.111341014
394,L,5,0,0.707106781,100.5,2,9,0.181818182,0,11,0.927815921,0,0.859663793,,,,,,,,,,,,,,,0.52882073,,3.391164992,,0
457,L,6,0,0.707106781,100.5,2,26,0.071428571,0,28,0.927815921,0,2.18823511,,,,,,,,,,,,,,,0.52882073,,5.338539126,,0
408,L,6,0,0.707106781,100.5,2,10,0.166666667,0,12,0.927815921,0,0.937815047,,,,,,,,,,,,,,,0.52882073,,3.535533906,,0
446,A,6,0,0.707106781,100.5,2,2,0.5,0,4,0.927815921,0,0.312605016,,,,,,,,,,,,,,,0.52882073,,2.121320344,,0
199,A,4,3,1.870828693,353,0,6,0,0.5,6,0,1.852995676,0.468907524,,,,,,,,,,,,,,,0.793231095,,2.549509757,,0.523598776
570,A,7,5,2.34520788,402.5,1,7,0.125,0.625,8,0.463907961,3.088326127,0.625210031,,,,,,,,,,,,,,,1.586462189,,2.915475947,,0.675131533
28,A,7,3,1.870828693,353,0,3,0,1,3,0,1.852995676,0.234453762,,,,,,,,,,,,,,,0.793231095,,1.870828693,,1.570796327
430,L,6,5,2.34520788,402.5,8,54,0.129032258,0.080645161,62,3.711263685,3.088326127,4.845377744,,,,,,,,,,,,,,,3.437334744,,7.90569415,,0.080732833
97,L,1,5,2.34520788,402.5,3,13,0.1875,0.3125,16,1.391723882,3.088326127,1.250420063,,,,,,,,,,,,,,,2.115282919,,4.062019202,,0.317823704
155,L,3,3,1.870828693,353,1,14,0.066666667,0.2,15,0.463907961,1.852995676,1.172268809,,,,,,,,,,,,,,,1.05764146,,3.937003937,,0.201357921
165,L,3,5,2.34520788,402.5,0,7,0,0.714285714,7,0,3.088326127,0.547058778,,,,,,,,,,,,,,,1.322051824,,2.738612788,,0.795602953
10,A,2,4,2.121320344,381,7,12,0.368421053,0.210526316,19,3.247355725,2.470660902,1.484873825,,,,,,,,,,,,,,,2.908514014,,4.415880433,,0.21211331
154,L,3,2,1.58113883,308.5,3,8,0.272727273,0.181818182,11,1.391723882,1.235330451,0.859663793,,,,,,,,,,,,,,,1.322051824,,3.391164992,,0.182835137
157,L,3,2,1.58113883,308.5,3,13,0.1875,0.125,16,1.391723882,1.235330451,1.250420063,,,,,,,,,,,,,,,1.322051824,,4.062019202,,0.125327831
88,L,2,2,1.58113883,308.5,4,8,0.333333333,0.166666667,12,1.855631843,1.235330451,0.937815047,,,,,,,,,,,,,,,1.586462189,,3.535533906,,0.167448079
78,L,2,5,2.34520788,402.5,2,9,0.181818182,0.454545455,11,0.927815921,3.088326127,0.859663793,,,,,,,,,,,,,,,1.850872554,,3.391164992,,0.471861837
35,A,2,3,1.870828693,353,1,17,0.055555556,0.166666667,18,0.463907961,1.852995676,1.406722571,,,,,,,,,,,,,,,1.05764146,,4.301162634,,0.167448079
223,A,4,3,1.870828693,353,2,39,0.048780488,0.073170732,41,0.927815921,1.852995676,3.204201411,,,,,,,,,,,,,,,1.322051824,,6.442049363,,0.073236182
254,A,4,8,2.915475947,429.5,3,18,0.142857143,0.380952381,21,1.391723882,4.941321804,1.641176333,,,,,,,,,,,,,,,2.908514014,,4.636809248,,0.390826131
100,L,1,2,1.58113883,308.5,2,7,0.222222222,0.222222222,9,0.927815921,1.235330451,0.703361285,,,,,,,,,,,,,,,1.05764146,,3.082207001,,0.224093092
41,A,2,2,1.58113883,308.5,2,4,0.333333333,0.333333333,6,0.927815921,1.235330451,0.468907524,,,,,,,,,,,,,,,1.05764146,,2.549509757,,0.339836909
272,L,4,9,3.082207001,434,2,23,0.08,0.36,25,0.927815921,5.558987029,1.953781348,,,,,,,,,,,,,,,2.908514014,,5.049752469,,0.368267893
567,L,7,4,2.121320344,381,5,12,0.294117647,0.235294118,17,2.319539803,2.470660902,1.328571317,,,,,,,,,,,,,,,2.379693284,,4.183300133,,0.237521171
66,A,2,4,2.121320344,381,5,21,0.192307692,0.153846154,26,2.319539803,2.470660902,2.031932602,,,,,,,,,,,,,,,2.379693284,,5.14781507,,0.154459598
220,L,4,2,1.58113883,308.5,2,17,0.105263158,0.105263158,19,0.927815921,1.235330451,1.484873825,,,,,,,,,,,,,,,1.05764146,,4.415880433,,0.105458525
73,L,1,8,2.915475947,429.5,0,11,0,0.727272727,11,0,4.941321804,0.859663793,,,,,,,,,,,,,,,2.115282919,,3.391164992,,0.814339942
449,A,6,2,1.58113883,308.5,3,35,0.078947368,0.052631579,38,1.391723882,1.235330451,2.96974765,,,,,,,,,,,,,,,1.322051824,,6.204836823,,0.052655908
194,L,3,5,2.34520788,402.5,6,13,0.315789474,0.263157895,19,2.783447764,3.088326127,1.484873825,,,,,,,,,,,,,,,2.908514014,,4.415880433,,0.266294017
51,A,2,2,1.58113883,308.5,2,6,0.25,0.25,8,0.927815921,1.235330451,0.625210031,,,,,,,,,,,,,,,1.05764146,,2.915475947,,0.252680255
86,L,7,2,1.58113883,308.5,2,6,0.25,0.25,8,0.927815921,1.235330451,0.625210031,,,,,,,,,,,,,,,1.05764146,,2.915475947,,0.252680255
425,L,6,2,1.58113883,308.5,2,12,0.142857143,0.142857143,14,0.927815921,1.235330451,1.094117555,,,,,,,,,,,,,,,1.05764146,,3.807886553,,0.143347569
87,L,1,2,1.58113883,308.5,2,19,0.095238095,0.095238095,21,0.927815921,1.235330451,1.641176333,,,,,,,,,,,,,,,1.05764146,,4.636809248,,0.095382659
246,L,4,2,1.58113883,308.5,1,9,0.1,0.2,10,0.463907961,1.235330451,0.781512539,,,,,,,,,,,,,,,0.793231095,,3.240370349,,0.201357921
190,L,3,2,1.58113883,308.5,0,9,0,0.222222222,9,0,1.235330451,0.703361285,,,,,,,,,,,,,,,0.52882073,,3.082207001,,0.224093092
396,L,5,2,1.58113883,308.5,0,10,0,0.2,10,0,1.235330451,0.781512539,,,,,,,,,,,,,,,0.52882073,,3.240370349,,0.201357921
60,L,2,2,1.58113883,308.5,0,13,0,0.153846154,13,0,1.235330451,1.015966301,,,,,,,,,,,,,,,0.52882073,,3.674234614,,0.154459598
24,L,2,3,1.870828693,353,7,36,0.162790698,0.069767442,43,3.247355725,1.852995676,3.360503919,,,,,,,,,,,,,,,2.644103649,,6.595452979,,0.069824165
92,L,1,2,1.58113883,308.5,1,12,0.076923077,0.153846154,13,0.463907961,1.235330451,1.015966301,,,,,,,,,,,,,,,0.793231095,,3.674234614,,0.154459598
159,A,3,2,1.58113883,308.5,1,9,0.1,0.2,10,0.463907961,1.235330451,0.781512539,,,,,,,,,,,,,,,0.793231095,,3.240370349,,0.201357921
514,L,7,2,1.58113883,308.5,1,2,0.333333333,0.666666667,3,0.463907961,1.235330451,0.234453762,,,,,,,,,,,,,,,0.793231095,,1.870828693,,0.729727656
88,L,1,9,3.082207001,434,3,14,0.176470588,0.529411765,17,1.391723882,5.558987029,1.328571317,,,,,,,,,,,,,,,3.172924379,,4.183300133,,0.55790704
98,L,1,2,1.58113883,308.5,1,21,0.045454545,0.090909091,22,0.463907961,1.235330451,1.719327587,,,,,,,,,,,,,,,0.793231095,,4.74341649,,0.091034778
94,L,1,2,1.58113883,308.5,0,3,0,0.666666667,3,0,1.235330451,0.234453762,,,,,,,,,,,,,,,0.52882073,,1.870828693,,0.729727656
374,L,5,4,2.121320344,381,2,17,0.105263158,0.210526316,19,0.927815921,2.470660902,1.484873825,,,,,,,,,,,,,,,1.586462189,,4.415880433,,0.21211331
520,A,7,2,1.58113883,308.5,1,5,0.166666667,0.333333333,6,0.463907961,1.235330451,0.468907524,,,,,,,,,,,,,,,0.793231095,,2.549509757,,0.339836909
559,L,7,4,2.121320344,381,2,18,0.1,0.2,20,0.927815921,2.470660902,1.563025079,,,,,,,,,,,,,,,1.586462189,,4.527692569,,0.201357921
255,L,4,6,2.549509757,417,1,23,0.041666667,0.25,24,0.463907961,3.705991353,1.875630094,,,,,,,,,,,,,,,1.850872554,,4.949747468,,0.252680255
27,A,2,2,1.58113883,308.5,4,22,0.153846154,0.076923077,26,1.855631843,1.235330451,2.031932602,,,,,,,,,,,,,,,1.586462189,,5.14781507,,0.076999141
66,L,1,4,2.121320344,381,3,24,0.111111111,0.148148148,27,1.391723882,2.470660902,2.110083856,,,,,,,,,,,,,,,1.850872554,,5.244044241,,0.148695494
561,L,7,5,2.34520788,402.5,11,29,0.275,0.125,40,5.102987567,3.088326127,3.126050157,,,,,,,,,,,,,,,4.230565838,,6.363961031,,0.125327831
35,L,1,4,2.121320344,381,7,18,0.28,0.16,25,3.247355725,2.470660902,1.953781348,,,,,,,,,,,,,,,2.908514014,,5.049752469,,0.160690653
171,L,3,3,1.870828693,353,2,10,0.166666667,0.25,12,0.927815921,1.852995676,0.937815047,,,,,,,,,,,,,,,1.322051824,,3.535533906,,0.252680255
232,A,4,3,1.870828693,353,2,24,0.076923077,0.115384615,26,0.927815921,1.852995676,2.031932602,,,,,,,,,,,,,,,1.322051824,,5.14781507,,0.115642193
418,A,6,3,1.870828693,353,4,18,0.181818182,0.136363636,22,1.855631843,1.852995676,1.719327587,,,,,,,,,,,,,,,1.850872554,,4.74341649,,0.136789827
89,L,1,2,1.58113883,308.5,1,7,0.125,0.25,8,0.463907961,1.235330451,0.625210031,,,,,,,,,,,,,,,0.793231095,,2.915475947,,0.252680255
68,A,1,3,1.870828693,353,7,13,0.35,0.15,20,3.247355725,1.852995676,1.563025079,,,,,,,,,,,,,,,2.644103649,,4.527692569,,0.150568273
90,L,1,2,1.58113883,308.5,0,8,0,0.25,8,0,1.235330451,0.625210031,,,,,,,,,,,,,,,0.52882073,,2.915475947,,0.252680255
248,L,4,3,1.870828693,353,8,39,0.170212766,0.063829787,47,3.711263685,1.852995676,3.673108935,,,,,,,,,,,,,,,2.908514014,,6.892024376,,0.06387321
75,A,2,2,1.58113883,308.5,1,4,0.2,0.4,5,0.463907961,1.235330451,0.39075627,,,,,,,,,,,,,,,0.793231095,,2.34520788,,0.411516846
494,L,6,2,1.58113883,308.5,0,8,0,0.25,8,0,1.235330451,0.625210031,,,,,,,,,,,,,,,0.52882073,,2.915475947,,0.252680255
37,A,2,4,2.121320344,381,7,10,0.411764706,0.235294118,17,3.247355725,2.470660902,1.328571317,,,,,,,,,,,,,,,2.908514014,,4.183300133,,0.237521171
273,A,4,0,0.707106781,100.5,1,1,0.5,0,2,0.463907961,0,0.156302508,,,,,,,,,,,,,,,0.264410365,,1.58113883,,0
6,L,2,0,0.707106781,100.5,1,0,1,0,1,0.463907961,0,0.078151254,,,,,,,,,,,,,,,0.264410365,,1.224744871,,0
476,L,6,0,0.707106781,100.5,1,2,0.333333333,0,3,0.463907961,0,0.234453762,,,,,,,,,,,,,,,0.264410365,,1.870828693,,0
12,L,2,0,0.707106781,100.5,1,6,0.142857143,0,7,0.463907961,0,0.547058778,,,,,,,,,,,,,,,0.264410365,,2.738612788,,0
503,L,7,0,0.707106781,100.5,1,2,0.333333333,0,3,0.463907961,0,0.234453762,,,,,,,,,,,,,,,0.264410365,,1.870828693,,0
412,L,6,0,0.707106781,100.5,1,9,0.1,0,10,0.463907961,0,0.781512539,,,,,,,,,,,,,,,0.264410365,,3.240370349,,0
52,L,2,0,0.707106781,100.5,1,2,0.333333333,0,3,0.463907961,0,0.234453762,,,,,,,,,,,,,,,0.264410365,,1.870828693,,0
63,L,7,0,0.707106781,100.5,1,6,0.142857143,0,7,0.463907961,0,0.547058778,,,,,,,,,,,,,,,0.264410365,,2.738612788,,0
41,A,1,0,0.707106781,100.5,1,8,0.111111111,0,9,0.463907961,0,0.703361285,,,,,,,,,,,,,,,0.264410365,,3.082207001,,0
484,L,6,0,0.707106781,100.5,1,2,0.333333333,0,3,0.463907961,0,0.234453762,,,,,,,,,,,,,,,0.264410365,,1.870828693,,0
156,L,3,0,0.707106781,100.5,1,4,0.2,0,5,0.463907961,0,0.39075627,,,,,,,,,,,,,,,0.264410365,,2.34520788,,0
253,L,4,0,0.707106781,100.5,1,5,0.166666667,0,6,0.463907961,0,0.468907524,,,,,,,,,,,,,,,0.264410365,,2.549509757,,0
269,L,4,0,0.707106781,100.5,1,5,0.166666667,0,6,0.463907961,0,0.468907524,,,,,,,,,,,,,,,0.264410365,,2.549509757,,0
76,A,1,0,0.707106781,100.5,1,5,0.166666667,0,6,0.463907961,0,0.468907524,,,,,,,,,,,,,,,0.264410365,,2.549509757,,0
180,L,3,0,0.707106781,100.5,0,6,0,0,6,0,0,0.468907524,,,,,,,,,,,,,,,0,,2.549509757,,0
241,L,4,0,0.707106781,100.5,0,11,0,0,11,0,0,0.859663793,,,,,,,,,,,,,,,0,,3.391164992,,0
82,A,2,0,0.707106781,100.5,0,3,0,0,3,0,0,0.234453762,,,,,,,,,,,,,,,0,,1.870828693,,0
166,L,3,0,0.707106781,100.5,0,1,0,0,1,0,0,0.078151254,,,,,,,,,,,,,,,0,,1.224744871,,0
141,L,3,0,0.707106781,100.5,0,8,0,0,8,0,0,0.625210031,,,,,,,,,,,,,,,0,,2.915475947,,0
498,L,6,0,0.707106781,100.5,0,3,0,0,3,0,0,0.234453762,,,,,,,,,,,,,,,0,,1.870828693,,0
145,A,3,0,0.707106781,100.5,0,6,0,0,6,0,0,0.468907524,,,,,,,,,,,,,,,0,,2.549509757,,0
419,L,6,0,0.707106781,100.5,1,6,0.142857143,0,7,0.463907961,0,0.547058778,,,,,,,,,,,,,,,0.264410365,,2.738612788,,0
431,L,6,0,0.707106781,100.5,1,2,0.333333333,0,3,0.463907961,0,0.234453762,,,,,,,,,,,,,,,0.264410365,,1.870828693,,0
91,L,1,0,0.707106781,100.5,1,5,0.166666667,0,6,0.463907961,0,0.468907524,,,,,,,,,,,,,,,0.264410365,,2.549509757,,0
487,L,6,0,0.707106781,100.5,1,2,0.333333333,0,3,0.463907961,0,0.234453762,,,,,,,,,,,,,,,0.264410365,,1.870828693,,0
117,L,3,0,0.707106781,100.5,0,6,0,0,6,0,0,0.468907524,,,,,,,,,,,,,,,0,,2.549509757,,0
67,A,1,0,0.707106781,100.5,1,9,0.1,0,10,0.463907961,0,0.781512539,,,,,,,,,,,,,,,0.264410365,,3.240370349,,0
92,L,7,0,0.707106781,100.5,1,2,0.333333333,0,3,0.463907961,0,0.234453762,,,,,,,,,,,,,,,0.264410365,,1.870828693,,0
20,A,1,0,0.707106781,100.5,0,3,0,0,3,0,0,0.234453762,,,,,,,,,,,,,,,0,,1.870828693,,0
110,A,1,0,0.707106781,100.5,0,4,0,0,4,0,0,0.312605016,,,,,,,,,,,,,,,0,,2.121320344,,0
39,L,2,1,1.224744871,240.5,,,,,,,0.617665225,,,,,,,,,,,,,,,,,,,,
437,A,6,0,0.707106781,100.5,0,4,0,0,4,0,0,0.312605016,,,,,,,,,,,,,,,0,,2.121320344,,0
262,A,4,0,0.707106781,100.5,1,0,1,0,1,0.463907961,0,0.078151254,,,,,,,,,,,,,,,0.264410365,,1.224744871,,0
505,A,7,0,0.707106781,100.5,0,3,0,0,3,0,0,0.234453762,,,,,,,,,,,,,,,0,,1.870828693,,0
340,L,5,0,0.707106781,100.5,0,1,0,0,1,0,0,0.078151254,,,,,,,,,,,,,,,0,,1.224744871,,0
55,A,1,2,1.58113883,308.5,2,12,0.142857143,0.142857143,14,0.927815921,1.235330451,1.094117555,,,,,,,,,,,,,,,1.05764146,,3.807886553,,0.143347569
230,L,4,7,2.738612788,424.5,1,27,0.035714286,0.25,28,0.463907961,4.323656578,2.18823511,,,,,,,,,,,,,,,2.115282919,,5.338539126,,0.252680255
472,L,6,6,2.549509757,417,9,11,0.45,0.3,20,4.175171646,3.705991353,1.563025079,,,,,,,,,,,,,,,3.966155473,,4.527692569,,0.304692654
134,L,3,2,1.58113883,308.5,2,10,0.166666667,0.166666667,12,0.927815921,1.235330451,0.937815047,,,,,,,,,,,,,,,1.05764146,,3.535533906,,0.167448079
448,L,6,3,1.870828693,353,3,13,0.1875,0.1875,16,1.391723882,1.852995676,1.250420063,,,,,,,,,,,,,,,1.586462189,,4.062019202,,0.188616386
57,L,7,7,2.738612788,424.5,3,5,0.375,0.875,8,1.391723882,4.323656578,0.625210031,,,,,,,,,,,,,,,2.644103649,,2.915475947,,1.065435817
471,L,6,3,1.870828693,353,3,11,0.214285714,0.214285714,14,1.391723882,1.852995676,1.094117555,,,,,,,,,,,,,,,1.586462189,,3.807886553,,0.215960499
57,L,2,0,0.707106781,100.5,0,3,0,0,3,0,0,0.234453762,,,,,,,,,,,,,,,0,,1.870828693,,0
435,A,6,0,0.707106781,100.5,0,5,0,0,5,0,0,0.39075627,,,,,,,,,,,,,,,0,,2.34520788,,0
436,A,6,0,0.707106781,100.5,0,2,0,0,2,0,0,0.156302508,,,,,,,,,,,,,,,0,,1.58113883,,0
252,L,4,0,0.707106781,100.5,0,4,0,0,4,0,0,0.312605016,,,,,,,,,,,,,,,0,,2.121320344,,0
219,A,4,0,0.707106781,100.5,0,7,0,0,7,0,0,0.547058778,,,,,,,,,,,,,,,0,,2.738612788,,0
427,A,6,0,0.707106781,100.5,0,9,0,0,9,0,0,0.703361285,,,,,,,,,,,,,,,0,,3.082207001,,0
77,L,2,0,0.707106781,100.5,0,6,0,0,6,0,0,0.468907524,,,,,,,,,,,,,,,0,,2.549509757,,0
10,L,1,0,0.707106781,100.5,0,0,,,0,0,0,0,,,,,,,,,,,,,,,0,,0.707106781,,
555,A,7,0,0.707106781,100.5,1,11,0.083333333,0,12,0.463907961,0,0.937815047,,,,,,,,,,,,,,,0.264410365,,3.535533906,,0
104,L,3,0,0.707106781,100.5,1,12,0.076923077,0,13,0.463907961,0,1.015966301,,,,,,,,,,,,,,,0.264410365,,3.674234614,,0
51,L,1,0,0.707106781,100.5,0,2,0,0,2,0,0,0.156302508,,,,,,,,,,,,,,,0,,1.58113883,,0
31,A,1,0,0.707106781,100.5,0,6,0,0,6,0,0,0.468907524,,,,,,,,,,,,,,,0,,2.549509757,,0
3,L,2,0,0.707106781,100.5,0,1,0,0,1,0,0,0.078151254,,,,,,,,,,,,,,,0,,1.224744871,,0
22,L,2,0,0.707106781,100.5,0,21,0,0,21,0,0,1.641176333,,,,,,,,,,,,,,,0,,4.636809248,,0